id_filma,id_igralca,vloga
0043014,0000034,I
0043014,0841797,I
0043014,0002233,I
0043014,0000697,R
0042192,0000012,I
0042192,0000879,I
0042192,0001695,I
0042192,0000581,R
0042876,0001536,I
0042876,0477553,I
0042876,0605270,I
0042876,0000041,R
0042546,0000071,I
0042546,0285922,I
0042546,0528621,I
0042546,0467396,R
0042646,0000039,I
0042646,0001289,I
0042646,0137999,I
0042646,0071682,R
0042646,0554249,R
0042276,0391062,I
0042276,0000034,I
0042276,0002024,I
0042276,0002030,R
0042367,0001207,I
0042367,0694580,I
0042367,0697733,I
0042367,0330456,R
0042832,0001847,I
0042832,0007222,I
0042832,0000895,I
0042832,0001415,R
0042200,0002149,I
0042200,0444476,I
0042200,0129894,I
0042200,0796645,R
0042200,0000923,R
0042393,0001893,I
0042393,0027566,I
0042393,0694631,I
0042393,0681635,R
0042949,0427543,I
0042949,0603682,I
0042949,0806058,I
0042949,0099589,R
0042949,0099592,R
0042650,0382217,I
0042650,1111265,I
0042650,1310185,I
0042650,0382217,R
0043581,0588922,I
0043581,0357090,I
0043581,0134255,R
0043581,0399524,R
0042592,0382548,I
0042592,0511249,I
0042592,0019282,R
0043050,0545298,I
0043050,0280904,R
0043050,0528032,R
0043050,0644289,R
0041130,7929802,I
0041130,0805344,I
0041130,0181490,R
0042518,0319497,I
0042518,0890186,R
0044081,0000046,I
0044081,0000008,I
0044081,0001375,I
0044081,0001415,R
0043265,0000007,I
0043265,0000031,I
0043265,0605923,I
0043265,0001379,R
0043278,0000037,I
0043278,0001989,I
0043278,0505157,I
0043278,0591486,R
0043924,0001050,I
0043924,0000072,I
0043924,0001859,I
0043924,0828419,R
0044829,0000027,I
0044829,0391361,I
0044829,0416228,I
0044829,0187769,R
0044207,0220566,I
0044207,0750640,I
0044207,0361048,I
0044207,0005789,R
0043599,0487292,I
0043599,0001955,I
0043599,0457025,I
0043599,0861703,R
0043633,0001078,I
0043633,0943837,I
0043633,0807252,I
0043633,0001008,R
0043334,0007342,I
0043334,0104507,I
0043334,0113700,I
0043334,0003593,R
0043839,0382548,I
0043839,0511249,I
0043839,0019282,R
0044218,0919327,I
0044218,0950288,R
0043135,0454874,I
0044706,0000011,I
0044706,0000038,I
0044706,0593775,I
0044706,0003593,R
0045061,0000078,I
0045061,0000058,I
0045061,0280178,I
0045061,0000406,R
0044672,0000071,I
0044672,0000032,I
0044672,0002149,I
0044672,0001124,R
0043686,0693560,I
0043686,0287637,I
0043686,0025523,I
0043686,0167496,R
0044391,0001805,I
0044391,0000018,I
0044391,0682074,I
0044391,0591486,R
0044837,0000122,I
0044837,0001954,I
0044837,0115558,I
0044837,0000122,R
0045296,0000008,I
0045296,0676492,I
0045296,0000063,I
0045296,0001415,R
0044926,0001207,I
0044926,0001248,I
0044926,0282530,I
0044926,0001379,R
0044509,0000044,I
0044509,0095804,I
0044509,0601930,I
0044509,0542702,R
0044446,0724732,I
0044446,0002897,I
0044446,0665902,I
0044446,0000180,R
0045333,0001333,I
0045333,0001983,I
0045333,0915536,I
0045333,0485943,R
0045039,0000075,I
0045039,0000074,I
0045039,0004496,I
0045039,0113284,R
0044958,0613120,I
0044958,0480596,I
0044958,0572235,R
0044157,4147806,I
0044157,0116897,I
0044157,0360253,I
0044157,0053484,R
0044157,0360253,R
0045314,0382548,I
0045314,0789313,R
0044836,0651474,R
0046250,0000060,I
0046250,0000030,I
0046250,0000734,I
0046250,0943758,R
0045793,0000044,I
0045793,0001050,I
0045793,0000039,I
0045793,0003593,R
0046303,0000042,I
0046303,0000795,I
0046303,0001336,I
0046303,0828419,R
0046534,0058001,I
0046534,0732378,I
0046534,0871876,I
0046534,0005738,R
0046359,0000034,I
0046359,0852279,I
0046359,0695937,I
0046359,0000697,R
0046247,0000009,I
0046247,0001739,I
0046247,0001514,I
0046247,0467396,R
0045591,0000013,I
0045591,0444476,I
0045591,0572885,I
0045591,0124877,R
0045943,0129894,I
0045943,0000008,I
0045943,0000051,I
0045943,0000581,R
0046435,0916067,I
0046435,0001766,I
0046435,0001822,I
0046435,0624535,R
0046000,0001989,I
0046000,0002072,I
0046000,0001922,I
0046000,0910199,R
0045935,0477553,I
0045935,0367928,I
0045935,0945299,I
0045935,0455938,R
0045592,0581062,I
0045592,0640307,I
0045592,0893584,I
0045592,0485943,R
0046006,0925804,I
0046006,0935844,I
0046006,0180920,I
0046006,0494885,R
0046008,0382548,I
0046008,0019282,R
0044009,0285319,I
0044009,0902226,I
0044009,0000740,R
0046442,0969712,I
0046442,0635560,I
0046442,1474628,I
0046442,0453832,R
0046442,0629363,R
0045937,0175788,I
0045937,0053484,R
0045937,0360253,R
0045545,0382548,I
0045545,0414746,I
0045545,0019282,R
0045485,0382548,I
0045485,0019282,R
0046154,0338004,I
0046154,1759306,I
0047296,0000008,I
0047296,0001500,I
0047296,0002011,I
0047296,0001415,R
0047437,0000007,I
0047437,0000030,I
0047437,0000034,I
0047437,0000697,R
0047472,0007225,I
0047472,0444476,I
0047472,0724143,I
0047472,0002045,R
0046672,0000018,I
0046672,0000051,I
0046672,0510134,I
0046672,0281507,R
0047528,0000063,I
0047528,0556399,I
0047528,0000865,I
0047528,0000019,R
0046754,0000007,I
0046754,0001257,I
0046754,0639529,I
0046754,0000581,R
0047030,0000071,I
0047030,0000742,I
0047030,0604702,I
0047030,0542649,R
0047086,0000078,I
0047086,0872456,I
0047086,0206478,I
0047086,0920074,R
0046874,0001078,I
0046874,0000038,I
0046874,0000034,I
0046874,0780833,R
0047444,0001536,I
0047444,0645422,I
0047444,0586733,I
0047444,0408348,R
0046806,0000034,I
0046806,0000038,I
0046806,0545298,I
0046806,0733476,R
0047580,0916067,I
0047580,0570192,I
0047580,0676492,I
0047580,0624535,R
0046808,0000075,I
0046808,0001822,I
0046808,0676492,I
0046808,0229424,R
0047642,0382548,I
0047642,0019282,R
0048157,0180263,I
0048157,0445656,I
0048157,0860607,I
0048157,0358071,R
0047585,0000009,I
0047585,0000755,R
0047585,0107622,R
0047587,0041136,I
0047587,7017180,I
0047587,0001904,I
0047587,0761522,R
0047672,0000822,I
0047672,0045737,I
0047672,0369617,I
0047672,0122319,R
0047578,0934280,I
0047578,0919327,I
0047578,0950288,R
0048445,0534286,I
0048445,0002108,I
0048445,0625383,I
0048445,0003593,R
0048728,0000026,I
0048728,0000038,I
0048728,0484829,I
0048728,0000033,R
0048380,0000020,I
0048380,0000010,I
0048380,0001635,I
0048380,0000406,R
0048380,0503777,R
0048380,0517597,R
0048028,0000015,I
0048028,0557339,I
0048028,0364915,I
0048028,0001415,R
0048356,0000308,I
0048356,0086198,I
0048356,0591034,I
0048356,0542720,R
0048491,0000034,I
0048491,0001571,I
0048491,0275897,I
0048491,0517597,R
0048317,0000013,I
0048317,0000010,I
0048317,0593192,I
0048317,0896533,R
0048563,0536167,I
0048563,0000044,I
0048563,0667542,I
0048563,0542702,R
0048316,0000034,I
0048316,0428354,I
0048316,0857147,I
0048316,0454771,R
0048316,0485871,R
0048191,0001333,I
0048191,0002017,I
0048191,0000734,I
0048191,0542702,R
0048210,0001229,I
0048210,0662223,I
0048210,0000549,I
0048210,0076779,R
0048649,0000305,I
0048649,0292677,I
0048649,0293989,R
0049000,0467311,I
0049000,0060023,I
0049000,1593196,I
0049000,0002338,R
0048369,0382548,I
0048369,0382548,R
0048677,0616139,R
0049833,0000032,I
0049833,0000989,I
0049833,0000879,I
0049833,0001124,R
0049261,0000072,I
0049261,0001369,I
0049261,0000015,I
0049261,0828419,R
0049470,0000071,I
0049470,0000013,I
0049470,0207219,I
0049470,0000033,R
0048960,0000057,I
0048960,0134594,I
0048960,0192958,I
0048960,0027183,R
0048960,0268513,R
0049408,0000989,I
0049408,0000039,I
0049408,0001549,I
0049408,0485943,R
0049456,0000018,I
0049456,0000063,I
0049456,0232019,I
0049456,0591486,R
0049456,0002030,R
0049966,0001369,I
0049966,0000002,I
0049966,0821041,I
0049966,0802862,R
0049778,0000056,I
0049778,0000765,I
0049778,0806041,I
0049778,0936404,R
0048947,0000006,I
0048947,0000989,I
0048947,0371040,I
0048947,0514822,R
0048980,0483740,I
0048980,0483741,I
0048980,0783399,I
0048980,0483738,R
0049777,0391062,I
0049777,0002369,I
0049777,0007222,I
0049777,0703689,R
0049518,2191324,I
0049518,0265923,I
0049518,0184150,I
0049518,0184150,R
0049518,0001501,R
0049030,0712935,I
0049030,0398409,I
0049030,0194597,I
0049030,0710924,R
0049510,0000822,I
0049510,0124889,I
0049510,0122319,R
0049102,0413640,I
0049102,1396670,I
0049102,1392147,I
0049102,0435180,R
0048049,1410987,I
0048049,2258981,R
0050212,0000034,I
0050212,0000027,I
0050212,0370144,I
0050212,0000180,R
0050783,0556399,I
0050783,0673749,I
0050783,0555807,I
0050783,0000019,R
0050356,0000053,I
0050356,0432007,I
0050356,0373314,I
0050356,0694090,R
0050933,0000008,I
0050933,0001544,I
0050933,0654433,I
0050933,0517597,R
0051077,0940946,I
0051077,0915536,I
0051077,0002011,I
0051077,0425913,R
0050306,0000060,I
0050306,0000002,I
0050306,0336576,I
0050306,0591486,R
0050631,0000037,I
0050631,0310989,I
0050631,0447608,I
0050631,0002030,R
0050569,0000069,I
0050569,0310989,I
0050569,0002022,I
0050569,0896533,R
0050194,0000305,I
0050194,0293989,R
0050109,0580565,I
0050109,0545298,I
0050109,0777812,I
0050109,0384377,R
0051187,0020942,I
0051187,4295245,I
0051187,0322673,I
0051187,0487047,R
0049885,0557339,I
0049885,0832845,R
0052225,0106387,I
0052225,0310989,I
0052225,0449734,I
0052225,0517597,R
0051411,0000060,I
0051411,0001739,I
0051411,0004647,I
0051411,0943758,R
0052182,0000028,I
0052182,0000039,I
0052182,0000057,I
0052182,0542720,R
0051658,0001989,I
0051658,0002001,I
0051658,0431139,I
0051658,0591486,R
0051658,0910199,R
0051525,0000348,I
0051525,0001627,I
0051525,0930209,I
0051525,0006452,R
0050706,0004244,I
0050706,0957645,I
0050706,0785792,I
0050706,0004244,R
0051758,0001333,I
0051758,0643000,I
0051758,0898782,I
0051758,0936404,R
0053226,0002131,I
0053226,0797531,I
0053226,0780765,I
0053226,0002338,R
0052027,0000075,I
0052027,0668626,I
0052027,0068772,I
0052027,0836328,R
0052027,0003593,R
0052427,0848560,I
0052427,0861185,I
0052427,0000634,I
0052427,0657162,R
0051825,0000305,I
0051825,0293989,R
0052389,0382548,I
0052389,0845729,I
0052389,0019282,R
0052852,0351842,R
0051339,0789313,R
0051677,0019282,R
0052618,0000032,I
0052618,0370144,I
0052618,0000963,I
0052618,0943758,R
0053291,0000054,I
0053291,0000348,I
0053291,0000493,I
0053291,0000697,R
0053172,0001369,I
0053172,0000013,I
0053172,0709704,I
0053172,0330456,R
0052738,0674012,I
0052738,0001859,I
0052738,0771584,I
0052738,0828419,R
0053146,0578039,I
0053146,0206026,I
0053146,0210695,I
0053146,0133424,R
0052896,0000069,I
0052896,0000064,I
0052896,0662223,I
0052896,0001008,R
0053182,0001627,I
0053182,0199268,I
0053182,0002035,I
0053182,0695937,R
0053182,0541149,R
0053268,0344850,I
0053268,0353397,I
0053268,1797689,I
0053268,0344850,R
0053080,0399526,I
0053080,0399523,I
0053080,0399524,R
0052855,7548185,I
0052855,11246591,I
0052855,0537621,I
0052855,0005895,R
0054331,0000018,I
0054331,0000059,I
0054331,0000348,I
0054331,0000040,R
0054331,0542649,R
0053604,0000493,I
0053604,0000511,I
0053604,0534045,I
0053604,0000697,R
0053779,0000052,I
0053779,0001179,I
0053779,0000733,I
0053779,0000019,R
0054387,0001792,I
0054387,0949241,I
0054387,0590796,I
0054387,0657162,R
0053804,0000056,I
0053804,0001693,I
0053804,0724732,I
0053804,0695937,R
0054195,0943837,I
0054195,0001539,I
0054195,0250724,I
0054195,0842582,R
0053580,0000078,I
0053580,0001847,I
0053580,0002131,I
0053580,0000078,R
0053976,0001884,I
0053976,0883517,I
0053976,0511458,I
0053976,0000005,R
0054749,0000047,I
0054749,0000901,I
0054749,0885203,I
0054749,0001120,R
0053793,0000044,I
0053793,0001739,I
0053793,0447913,I
0053793,0112218,R
0053622,0000072,I
0053622,0002131,I
0053622,0279472,I
0053622,0542702,R
0054198,0580479,I
0054198,0202088,I
0054198,0288344,I
0054198,0202088,R
0054324,0001958,I
0054324,0001010,I
0054324,0656180,I
0054324,0896533,R
0054324,0002030,R
0053810,0001362,I
0053810,0000840,I
0053810,0404046,I
0053810,0291035,R
0054326,0002145,I
0054326,0001777,I
0054326,0384908,I
0054326,0002153,R
0054993,0271929,I
0054993,9038517,I
0054993,0703069,I
0054993,0487047,R
0053866,2571935,I
0053866,0545567,I
0053866,0384342,R
0053753,0048441,I
0053753,0205366,R
0055031,0000075,I
0055031,0000044,I
0055031,0001847,I
0055031,0006452,R
0054698,0000030,I
0054698,0000577,I
0054698,0623658,I
0054698,0001175,R
0054953,0000057,I
0054953,0000060,I
0054953,0000063,I
0054953,0496746,R
0055614,0000081,I
0055614,0001995,I
0055614,0000937,I
0055614,0730385,R
0055614,0936404,R
0054997,0000056,I
0054997,0001276,I
0054997,0001453,I
0054997,0744035,R
0055471,0000081,I
0055471,0000886,I
0055471,0385757,I
0055471,0001415,R
0055499,0027683,I
0055499,0085038,I
0055499,0001884,I
0055499,0000005,R
0055913,0000052,I
0055913,0733598,I
0055913,0762248,I
0055913,0314584,R
0056300,0415214,I
0056300,0180103,I
0056300,13786879,I
0056300,0257992,R
0054854,0904370,R
0053714,0217523,I
0053714,5658547,I
0053714,2638240,I
0053714,0301422,R
0054100,0606593,I
0054100,1089489,I
0054100,1091976,I
0054100,0215126,R
0055943,0000009,I
0055943,0398096,R
0121293,0916131,I
0055333,0175909,I
0055333,0080825,R
0055420,1535314,I
0055420,0447611,I
0055420,0364772,R
0056172,0000564,I
0056172,0000027,I
0056172,0000063,I
0056172,0000180,R
0056592,0000060,I
0056592,0576345,I
0056592,0653942,I
0056592,0612322,R
0056085,0000071,I
0056085,0000078,I
0056085,0000060,I
0056085,0000406,R
0056085,0368871,R
0056085,0550892,R
0056197,0000078,I
0056197,0752813,I
0056197,0000009,I
0056197,0002175,R
0056197,0554249,R
0056197,0652631,R
0056687,0000012,I
0056687,0001076,I
0056687,0120658,I
0056687,0000736,R
0056262,0696481,I
0056262,0429250,I
0056262,0004983,I
0056262,0196536,R
0056241,0000843,I
0056241,0001157,I
0056241,0430460,I
0056241,0671957,R
0055895,0000493,I
0055895,0001665,I
0055895,0001948,I
0055895,0001175,R
0056541,0000056,I
0056541,0656183,I
0056541,0004309,I
0056541,0112218,R
0055910,0473228,I
0055910,0183671,I
0055910,0333143,I
0055910,0099984,R
0056700,0002131,I
0056700,0001954,I
0056700,0003337,I
0056700,0505610,R
0056700,0657162,R
0055801,0000017,I
0055801,0386944,I
0055801,0832845,R
0056066,2169358,I
0056066,0952659,I
0056066,0296996,I
0056066,0140643,R
0056066,0959916,R
0056075,0318926,I
0056075,0558636,I
0056075,0399524,R
0056937,0000072,I
0056937,0000009,I
0056937,0001322,I
0056937,0000581,R
0056937,0541149,R
0057193,0000075,I
0057193,0000926,I
0057193,0581062,I
0057193,0006452,R
0056801,0000052,I
0056801,0000733,I
0056801,0001012,I
0056801,0000019,R
0057163,0000056,I
0057163,0002048,I
0057163,0623658,I
0057163,0728688,R
0057187,0000493,I
0057187,0000511,I
0057187,0414279,I
0057187,0000697,R
0057590,0001215,I
0057590,0948772,I
0057590,0222627,I
0057590,0724798,R
0057251,0001627,I
0057251,0803785,I
0057251,0542858,I
0057251,0625680,R
0057171,0000047,I
0057171,0000052,I
0057171,0321294,I
0057171,0001120,R
0057634,0000072,I
0057634,0000009,I
0057634,0431139,I
0057634,0002190,R
0056825,0316071,I
0056825,0938231,I
0056825,0438833,I
0056825,0001415,R
0057400,0001276,I
0057400,0424318,I
0057400,0749476,I
0057400,0550892,R
0056965,0000316,I
0056965,0684719,R
0057459,0296560,I
0057459,0448123,I
0057459,0418905,I
0057459,0164999,R
0059613,0547462,I
0059613,1028301,I
0059613,0785682,I
0059613,0001945,R
0056920,1744391,I
0056920,0202405,I
0056920,0001637,I
0056920,0893403,R
0058331,0000267,I
0058331,0001813,I
0058331,0866835,I
0058331,0829038,R
0058150,0000125,I
0058150,0002085,I
0058150,0000303,I
0058150,0357891,R
0058385,0000030,I
0058385,0001322,I
0058385,0391361,I
0058385,0002030,R
0057831,0000063,I
0057831,0000869,I
0057831,0660327,I
0057831,0128050,R
0058404,0000009,I
0058404,0001257,I
0058404,0000039,I
0058404,0001379,R
0058092,0000026,I
0058092,0001989,I
0058092,0002145,I
0058092,0625680,R
0057877,0000009,I
0057877,0000564,I
0057877,0000024,I
0057877,0322706,R
0058672,0580479,I
0058672,0001811,I
0058672,0001703,I
0058672,0202088,R
0057812,0709704,I
0057812,0001174,I
0057812,0640023,I
0057812,0657162,R
0058472,0293989,R
0058472,0695462,R
0058364,17146658,I
0058364,13566243,I
0058364,13566247,I
0058364,0184150,R
0059814,0276341,I
0059814,0352413,R
0059814,0860136,R
0057922,0142829,I
0057922,0836375,R
0059742,0000267,I
0059742,0001626,I
0059742,0662223,I
0059742,0936404,R
0059113,0001725,I
0059113,0001046,I
0059113,0001036,I
0059113,0000180,R
0059800,0000125,I
0059800,0000805,I
0059800,0148041,I
0059800,0950109,R
0063794,0767567,I
0063794,0863146,I
0063794,0094083,I
0063794,0094083,R
0059243,0000348,I
0059243,0000081,I
0059243,0000493,I
0059243,0001175,R
0059017,0000404,I
0059017,0001511,I
0059017,0130286,I
0059017,0799033,R
0059712,0000046,I
0059712,0797531,I
0059712,0001207,I
0059712,0006452,R
0059084,0001046,I
0059084,0001958,I
0059084,0002131,I
0059084,0772259,R
0059573,0001627,I
0059573,0001859,I
0059573,0366946,I
0059573,0337885,R
0059527,0436706,I
0059527,0472166,I
0059527,0958903,I
0059527,0434443,R
0059527,0460033,R
0059674,0000072,I
0059674,0000009,I
0059674,0001693,I
0059674,0591486,R
0059798,0001673,I
0059798,0364455,I
0059798,0000842,I
0059798,0168641,R
0059122,0605923,I
0059122,0005062,R
0059122,0633637,R
0059145,0533831,I
0059145,0786215,I
0059145,2742509,I
0059145,0438356,R
0058410,2398677,I
0058410,2105787,I
0058410,2401441,I
0058410,0346549,R
0061192,1558246,I
0061192,0137011,R
0061192,0852624,R
0061138,0000733,I
0061138,0004462,I
0061138,0056435,I
0061138,0500988,R
0061184,0000072,I
0061184,0000009,I
0061184,0001719,I
0061184,0001566,R
0060665,0006890,I
0060665,0384908,I
0060665,0001727,I
0060665,0003593,R
0060424,0000493,I
0060424,0000527,I
0060424,0723707,I
0060424,0000697,R
0059894,0039629,I
0059894,0334249,I
0059894,3907417,I
0059894,0914386,R
0060438,0609216,I
0060438,0799014,I
0060438,0000036,I
0060438,0504513,R
0060472,0001258,I
0060472,0001693,I
0060472,0598971,I
0060472,0001239,R
0060397,0000963,I
0060397,0000079,I
0060397,0639529,I
0060397,0281507,R
0060182,0571441,I
0060182,0871272,I
0060182,0444584,I
0060182,0384342,R
0060182,0569710,R
0060802,0623948,I
0060802,0814162,I
0060802,0111003,I
0060802,0579954,R
0060503,0399524,R
0061205,0000056,I
0061205,0506396,R
0061722,0000163,I
0061722,0000843,I
0061722,0001684,I
0061722,0001566,R
0061578,0001511,I
0061578,0000308,I
0061578,0000314,I
0061578,0000736,R
0061418,0000886,I
0061418,0001159,I
0061418,0689488,I
0061418,0671957,R
0061512,0000056,I
0061512,0001421,I
0061512,0001510,I
0061512,0742341,R
0061811,0001627,I
0061811,0001768,I
0061811,0643105,I
0061811,0422484,R
0061735,0000075,I
0061735,0001627,I
0061735,0000031,I
0061735,0006452,R
0063462,0609216,I
0063462,0000698,I
0063462,0790071,I
0063462,0000316,R
0061439,0001321,I
0061439,0000603,I
0061439,0626259,I
0061439,0517597,R
0062362,0000267,I
0062362,0289038,I
0062362,0001546,I
0062362,0001351,R
0061584,0001322,I
0061584,0002058,I
0061584,0627969,I
0061584,0281507,R
0062244,8714300,I
0062244,0926183,I
0062244,0006954,R
0062131,0152326,R
0061421,0937747,R
0062184,7403185,I
0062184,0877937,I
0062184,0339401,R
0062622,0001158,I
0062622,0516972,I
0062622,0843213,I
0062622,0000040,R
0063522,0001201,I
0063522,0001023,I
0063522,0002106,I
0063522,0000591,R
0063442,0000032,I
0063442,0001522,I
0063442,0001375,I
0063442,0769874,R
0062765,0000537,I
0062765,0000302,I
0062765,0001816,I
0062765,0946811,R
0063518,0926013,I
0063518,0001377,I
0063518,0568491,I
0063518,0001874,R
0063385,0504492,I
0063385,0600531,I
0063385,0908861,I
0063385,0715346,R
0063227,0000564,I
0063227,0000031,I
0063227,0000164,I
0063227,0367431,R
0063688,0000537,I
0063688,0001159,I
0063688,0121826,I
0063688,0422484,R
0062994,0000659,I
0062994,0001725,I
0062994,0575552,I
0062994,0943758,R
0062794,0731772,I
0062794,0001954,I
0062794,0803785,I
0062794,0625680,R
0063819,0001982,I
0063819,0001359,I
0063819,0275835,I
0063819,0718627,R
0063819,0789313,R
0063654,0623658,I
0063654,0016776,I
0063654,0000640,I
0063654,0343260,R
0063804,0361048,I
0063804,4291653,I
0063804,0000866,R
0063514,0000009,I
0063514,0448305,I
0063514,0346549,R
0064665,0000163,I
0064665,0000685,I
0064665,0587249,I
0064665,0772259,R
0064115,0000056,I
0064115,0000602,I
0064115,0001684,I
0064115,0001351,R
0065126,0000078,I
0065126,0200981,I
0065126,0004794,I
0065126,0368871,R
0066579,0000869,I
0066579,0001657,I
0066579,0413559,I
0066579,0001692,R
0064418,0000659,I
0064418,0000527,I
0064418,0186903,I
0064418,0000037,R
0065088,0000404,I
0065088,0765546,I
0065088,0948772,I
0065088,0001628,R
0065234,0598971,I
0065234,0660327,I
0065234,0004462,I
0065234,0002020,R
0064117,0000527,I
0064117,0000006,I
0064117,0000443,I
0064117,0757256,R
0064840,0001749,I
0064840,0413561,I
0064840,0827137,I
0064840,0623768,R
0064030,0000009,I
0064030,0000991,I
0064030,0660327,I
0064030,0418986,R
0064639,0000060,I
0064639,0001077,I
0064639,0418148,I
0064639,0836328,R
0064504,0125651,I
0064504,0048147,I
0064504,0256223,I
0064504,0453832,R
0064043,0748256,I
0064043,1224076,I
0064043,1330725,I
0064043,0665964,R
0064043,0717025,R
0064200,0108348,I
0064200,0150196,I
0064200,0239213,I
0064200,0294354,R
0064200,0761522,R
0063160,6169903,I
0063160,6169902,I
0063160,15157086,I
0063160,0569006,R
0064623,1595439,I
0064623,0193267,R
0066026,0000661,I
0066026,0001285,I
0066026,0000643,I
0066026,0000265,R
0065377,0000044,I
0065377,0001509,I
0065377,0001421,I
0065377,0780833,R
0065377,0368871,R
0066206,0001715,I
0066206,0001500,I
0066206,0950079,I
0066206,0769874,R
0066011,0532298,I
0066011,0641939,I
0066011,0549134,I
0066011,0002137,R
0066473,0000842,I
0066473,0945522,I
0066473,0001673,I
0066473,0281507,R
0066473,0297935,R
0066473,0557927,R
0066319,0000053,I
0066319,0002145,I
0066319,0590055,I
0066319,0000180,R
0065593,0001321,I
0065593,0000027,I
0065593,0605923,I
0065593,0400731,R
0066580,0001926,I
0066580,0369784,I
0066580,0002032,I
0066580,0905579,R
0065976,0006168,I
0065976,0005200,I
0065976,0365600,I
0065976,0512327,R
0065889,0002231,I
0065889,0093030,I
0065889,0764369,I
0065889,0677880,R
0065777,0761212,I
0065777,0135320,I
0065777,0000918,I
0065777,0001120,R
0066016,0949574,I
0066016,0037735,I
0066016,0000889,I
0066016,0397220,R
0066294,0186844,I
0066294,0363524,I
0066294,0404046,I
0066294,0737992,R
0065901,0000080,I
0065901,0354888,I
0065901,0592767,R
0067093,0867694,I
0067093,0186408,I
0067093,0294600,I
0067093,0422484,R
0067116,0000432,I
0067116,0001702,I
0067116,0721073,I
0067116,0001243,R
0067328,0000961,I
0067328,0000313,I
0067328,0001732,I
0067328,0000953,R
0067309,0000404,I
0067309,0000661,I
0067309,0162541,I
0067309,0001587,R
0066817,0001450,I
0066817,0866835,I
0066817,0001522,I
0066817,0829038,R
0066817,0453832,R
0067741,0745780,I
0067741,0348214,I
0067741,0162541,I
0067741,0662953,R
0067803,0642198,I
0067803,0342201,I
0067803,0396749,I
0067803,0612322,R
0067483,0419785,I
0067483,0840531,I
0067483,0633661,I
0067483,0769874,R
0067217,0001715,I
0067217,0001671,I
0067217,0400464,I
0067217,0002137,R
0067197,0696303,I
0067197,0141543,I
0067197,0574534,I
0067197,0338396,R
0067197,0818527,R
0068373,0799237,I
0068373,0714878,I
0068373,0371156,I
0068373,0931530,R
0065894,2426072,I
0065894,0834334,R
0067733,0001544,I
0067733,0000080,I
0067733,0025374,R
0066959,0561752,I
0066959,0677726,R
0068646,0000008,I
0068646,0000199,I
0068646,0001001,I
0068646,0000338,R
0068327,0591485,I
0068327,0001868,I
0068327,0340926,I
0068327,0002080,R
0069113,0000432,I
0069113,0000308,I
0069113,0001859,I
0069113,0623768,R
0068334,0000602,I
0068334,0001967,I
0068334,0002048,I
0068334,0006916,R
0068361,0721073,I
0068361,0786891,I
0068361,0291289,I
0068361,0000320,R
0069467,0027683,I
0069467,0880521,I
0069467,0843306,I
0069467,0000005,R
0069404,0001749,I
0069404,0566680,I
0069404,0001283,I
0069404,0002030,R
0068326,0000443,I
0068326,0001902,I
0068326,0373012,I
0068326,0441501,R
0068924,13557317,I
0068924,0331374,I
0068924,13557316,I
0068924,0449576,R
0068924,0808474,R
0069373,0401101,R
0069020,0734347,I
0069020,0221988,R
0070047,0000995,I
0070047,0001884,I
0070047,0000304,I
0070047,0001243,R
0070735,0000056,I
0070735,0000602,I
0070735,0001727,I
0070735,0001351,R
0070510,0641939,I
0070510,0001575,I
0070510,0001404,I
0070510,0000953,R
0070903,0000659,I
0070903,0000602,I
0070903,0226947,I
0070903,0001628,R
0071129,0637649,I
0071129,0953025,I
0071129,0535991,I
0071129,0000019,R
0070460,0000302,I
0070460,0529543,I
0070460,0000076,I
0070460,0000076,R
0070509,0000961,I
0070509,0905993,I
0070509,0002144,I
0070509,0108745,R
0070640,0000493,I
0070640,0318527,I
0070640,0374348,I
0070640,0000814,R
0070819,0001719,I
0070819,0413559,I
0070819,0000649,I
0070819,0291035,R
0069812,0576590,I
0069812,14463678,I
0069812,14463674,I
0069812,0275180,R
0069812,5850281,R
0070071,0610006,I
0070071,0610005,R
0070071,0610006,R
0071562,0000199,I
0071562,0000134,I
0071562,0000380,I
0071562,0000338,R
0071315,0000197,I
0071315,0001159,I
0071315,0001379,I
0071315,0000591,R
0072308,0000056,I
0072308,0000537,I
0072308,0000034,I
0072308,0347086,R
0071877,0001215,I
0071877,0000002,I
0071877,0000006,I
0071877,0001486,R
0071455,0000032,I
0071455,0001257,I
0071455,0001421,I
0071455,0733476,R
0071577,0000602,I
0071577,0001201,I
0071577,0001136,I
0071577,0002338,R
0071115,0000995,I
0071115,0001434,I
0071115,0070592,I
0071115,0000217,R
0071604,8844279,I
0071604,8844280,I
0071604,0628924,I
0071604,0205282,R
0071598,0138770,I
0071598,0000995,I
0071598,0258089,I
0071598,0005196,R
0071337,2539992,I
0071337,3656107,I
0071337,0306735,R
0071337,0899139,R
0070135,0536750,I
0070135,0528555,I
0070135,0566948,I
0070135,0581303,R
0071943,0699510,I
0071943,0545054,I
0071943,0152820,I
0071943,0503778,R
0071943,0005895,R
0070561,7145464,I
0070561,7145461,I
0070561,7145460,I
0070561,0469313,R
0070561,0756040,R
0073195,0001702,I
0073195,0001727,I
0073195,0000377,I
0073195,0000229,R
0073486,0000197,I
0073486,0001221,I
0073486,0077720,I
0073486,0001232,R
0072684,0641939,I
0072684,0001943,I
0072684,0535861,I
0072684,0000040,R
0072890,0000199,I
0072890,0001030,I
0072890,0020897,I
0072890,0001486,R
0073440,0001018,I
0073440,0000947,I
0073440,0086867,I
0073440,0000265,R
0073692,0000886,I
0073692,0001046,I
0073692,0000443,I
0073692,0000797,R
0071411,0613364,I
0071411,0813272,I
0071411,0125730,I
0071411,0000041,R
0073113,0001715,I
0073113,0000843,I
0073113,0040472,I
0073113,0936404,R
0073766,0000527,I
0073766,0122675,I
0073766,0000907,I
0073766,0006889,R
0169446,1098598,I
0169446,1763576,I
0169446,0532878,I
0073340,0594265,I
0073340,12668021,I
0073340,12668022,I
0073340,0187008,R
0073340,0638928,R
0072939,0499651,R
0073068,0001972,I
0073068,0288714,I
0073068,0600924,I
0073068,0323962,R
0071430,0499651,R
0075148,0000230,I
0075148,0001735,I
0075148,0949350,I
0075148,0000814,R
0074958,0001159,I
0074958,0000034,I
0074958,0002075,I
0074958,0001486,R
0074812,0001868,I
0074812,0000256,I
0074812,0430151,I
0074812,0027183,R
0074119,0000163,I
0074119,0000602,I
0074119,0912001,I
0074119,0001587,R
0075005,0000060,I
0075005,0001665,I
0075005,0827032,I
0075005,0001149,R
0074751,0000313,I
0074751,0001301,I
0074751,0001448,I
0074751,0347086,R
0075265,0000659,I
0075265,0001434,I
0075265,0000997,I
0075265,0682757,R
0074235,0001016,I
0074235,0001074,I
0074235,0227039,I
0074235,0000797,R
0074291,0000661,I
0074291,0042106,I
0074291,0114978,I
0074291,0000019,R
0074605,0507378,I
0074605,2472080,I
0074605,3098949,I
0074605,0465932,R
0074972,0138405,I
0074972,0240638,I
0074972,0746164,I
0074972,0000269,R
0072646,0000649,I
0072646,0684095,I
0072646,0410023,I
0072646,0759563,R
0074787,0033623,I
0074787,1347157,R
0074987,2472581,I
0074987,0616628,I
0074987,0003313,I
0074987,0003313,R
0074675,0001217,I
0074675,0483871,I
0074675,0030800,I
0074675,0349722,R
0074675,0921464,R
0076759,0000434,I
0076759,0000148,I
0076759,0000402,I
0076759,0000184,R
0075860,0000377,I
0075860,0000076,I
0075860,0000414,I
0075860,0000229,R
0075686,0000095,I
0075686,0000473,I
0075686,0731634,I
0075686,0000095,R
0076095,0000377,I
0076095,0556850,I
0076095,0191944,I
0076095,0006889,R
0076245,0000404,I
0076245,0000603,I
0076245,0001673,I
0076245,0003593,R
0076319,0000072,I
0076319,0001671,I
0076319,0137230,I
0076319,0697660,R
0076348,0797531,I
0076348,0060634,I
0076348,1594252,I
0076348,0594624,R
0076941,0174883,I
0076941,0798718,I
0076941,0953651,I
0076941,0112072,R
0076918,2861819,I
0076918,2773826,I
0076918,2773813,I
0076918,0466793,R
0075847,0388394,R
0076173,15642782,I
0076173,0787291,R
0076105,2784537,I
0076105,0836465,I
0076105,0003385,R
0077416,0000134,I
0077416,0000686,I
0077416,0001030,I
0077416,0001047,R
0078346,0001659,I
0078346,0452288,I
0078346,0000432,I
0078346,0001149,R
0077928,0001113,I
0077928,0591968,I
0077928,0005019,I
0077928,0000570,R
0077413,0001811,I
0077413,0001201,I
0077413,0531546,I
0077413,0347086,R
0077405,0000152,I
0077405,0000724,I
0077405,0001731,I
0077405,0000517,R
0077362,0000404,I
0077362,0000685,I
0077362,0001136,I
0077362,0000797,R
0077663,0000886,I
0077663,0000051,I
0077663,0001046,I
0077663,0000886,R
0077663,0377750,R
0077280,0000997,I
0077280,0835144,I
0077280,0001747,I
0077280,0711114,R
0077289,0000404,I
0077289,0000257,I
0077289,0001749,I
0077289,0006889,R
0078382,0838595,I
0078382,0485142,I
0078382,0638079,I
0078382,0458228,R
0078122,0000367,I
0078122,0491021,I
0078122,0223033,I
0078122,0088397,R
0078205,0000393,I
0078205,10113906,I
0078205,0188757,I
0078205,0788461,R
0078372,0059169,I
0078372,2177087,I
0078372,0189476,I
0078372,0000431,R
0077564,2195914,I
0077564,2193476,I
0077564,2790402,I
0077564,0790536,R
0078788,0000640,I
0078788,0000008,I
0078788,0000380,I
0078788,0000338,R
0078748,0000244,I
0078748,0000643,I
0078748,0000457,I
0078748,0000631,R
0078875,0000908,I
0078875,0000728,I
0078875,0935190,I
0078875,0772522,R
0078754,0001702,I
0078754,0001448,I
0078754,0718237,I
0078754,0002080,R
0079417,0000163,I
0079417,0000658,I
0079417,0000737,I
0079417,0000914,R
0078902,0160550,I
0078902,0000598,I
0078902,0827663,I
0078902,0946811,R
0078841,0000634,I
0078841,0000511,I
0078841,0002048,I
0078841,0000797,R
0078872,0719738,I
0078872,0001682,I
0078872,0000414,I
0078872,0050597,R
0079638,0000398,I
0079638,0000977,I
0079638,0500038,I
0079638,0728688,R
0080009,0000176,I
0080009,0278752,I
0080009,0493271,I
0080009,0000591,R
0079477,0000059,I
0079477,0000178,I
0079477,0076400,I
0079477,0001351,R
0078850,0937390,I
0078850,0937398,I
0078850,0609216,I
0078850,0937390,R
0080762,0827716,I
0080762,0326698,I
0080762,7077913,I
0080762,0503635,R
0079126,0137060,I
0079126,0184848,I
0079126,0689540,I
0079126,0270187,R
0206312,0761829,I
0206312,0545391,I
0206312,0531323,R
0206312,0919732,R
0079704,0001627,I
0079704,0732079,I
0079704,0916959,I
0079704,0877020,R
0080684,0000434,I
0080684,0000148,I
0080684,0000402,I
0080684,0449984,R
0081398,0000134,I
0081398,0001550,I
0081398,0000582,I
0081398,0000217,R
0081283,0000661,I
0081283,0001546,I
0081283,0002139,I
0081283,0000602,R
0080716,0058532,I
0080716,0001011,I
0080716,0001087,I
0080716,0000570,R
0080549,0000651,I
0080549,0000169,I
0080549,0375629,I
0080549,0000776,R
0079579,0018079,I
0079579,0060692,I
0079579,0613655,I
0079579,0579828,R
0081150,0494432,I
0081150,0001673,I
0081150,0156187,I
0081150,0001129,R
0081040,0736537,R
0082209,0045610,R
0078885,1130927,I
0078885,1129856,I
0078885,0026035,I
0078885,0255070,R
0080987,0381494,I
0080987,0122745,I
0080987,0326400,I
0080987,0356806,R
0080987,0480627,R
0082971,0000148,I
0082971,0000261,I
0082971,0293550,I
0082971,0000229,R
0082010,0622544,I
0082010,0000256,I
0082010,0067643,I
0082010,0000484,R
0082484,0569239,I
0082484,0000579,I
0082484,0252832,I
0082484,0000269,R
0082158,0002027,I
0082158,0153182,I
0082158,0268297,I
0082158,0399853,R
0082846,0000031,I
0082846,0000020,I
0082846,0000404,I
0082846,0041932,R
0082031,0001545,I
0082031,0591485,I
0082031,0000024,I
0082031,0330619,R
0082979,0000886,I
0082979,0000473,I
0082979,0001346,I
0082979,0000886,R
0082736,0001970,I
0082736,0126569,I
0082736,0417370,I
0082736,0843640,R
0084764,0752960,R
0083293,0174883,I
0083293,0231120,I
0083293,0766697,I
0083293,0506099,R
0080643,0882048,I
0080643,0298504,I
0080643,0573893,I
0080643,0002337,R
0082187,1044245,I
0082187,0633649,R
0083866,0001794,I
0083866,0000106,I
0083866,0001075,I
0083866,0000229,R
0084434,0000152,I
0084434,0000700,I
0084434,0001418,I
0084434,0000431,R
0083987,0001426,I
0083987,0000024,I
0083987,0368990,I
0083987,0000277,R
0084707,0000658,I
0084707,0000177,I
0084707,0001493,I
0084707,0001587,R
0084805,0000163,I
0084805,0001448,I
0084805,0000414,I
0084805,0001628,R
0083922,0349776,I
0083922,0021655,I
0083922,0012358,I
0083922,0000005,R
0086617,0000154,I
0086617,0000244,I
0086617,0001373,I
0086617,0001837,R
0084335,0000493,I
0084335,0000651,I
0084335,0563039,I
0084335,0002020,R
0084865,0000267,I
0084865,0001258,I
0084865,0696481,I
0084865,0001175,R
0082443,0000072,I
0082443,0000080,I
0082443,0927622,I
0082443,0777510,R
0084874,0273888,I
0084874,0664661,I
0084874,0126960,I
0084874,0305054,R
0084672,0000391,I
0084672,0780485,I
0084672,0382799,I
0084672,0779270,R
0084118,0129635,I
0084118,0124220,I
0084118,0161476,I
0084118,0621815,R
0086190,0000434,I
0086190,0000148,I
0086190,0000402,I
0086190,0549658,R
0086425,0000511,I
0086425,0000700,I
0086425,0000197,I
0086425,0000985,R
0085549,0000884,I
0085549,0636694,I
0085549,0803785,I
0085549,0001490,R
0086197,0001731,I
0086197,0001277,I
0086197,0000438,I
0086197,0442241,R
0086423,0000380,I
0086423,0002128,I
0086423,0000990,I
0086423,0000915,R
0086619,0000659,I
0086619,0001388,I
0086619,0001597,I
0086619,0000659,R
0085655,0195073,I
0085655,0172423,I
0085655,0000177,I
0085655,0001915,R
0086388,1422712,I
0086388,0681804,R
0085548,2272881,I
0085548,2265968,I
0085548,0102483,I
0085548,0778993,R
0083688,0001227,I
0083688,0288944,I
0083688,0183504,I
0083688,0564260,R
0087469,0000148,I
0087469,0001009,I
0087469,0702841,I
0087469,0000229,R
0086879,0000719,I
0086879,0001371,I
0086879,0000931,I
0086879,0001232,R
0087553,0001832,I
0087553,0628955,I
0087553,0000518,I
0087553,0423646,R
0087921,0000398,I
0087921,0001080,I
0087921,0000438,I
0087921,0000914,R
0088414,0000698,I
0088414,0001456,I
0088414,0001301,I
0088414,0000698,R
0087957,0002239,I
0087957,0467664,I
0087957,0206528,I
0087957,0536299,R
0087892,0001114,I
0087892,0051856,I
0087892,0001919,I
0087892,0000180,R
0088007,0000154,I
0088007,0000651,I
0088007,0047490,I
0088007,0041932,R
0088275,0001213,I
0088275,0587548,I
0088275,0472151,I
0088275,0258531,R
0087144,0681566,I
0087144,0033329,I
0087144,0880521,I
0087144,0218252,R
0088725,0404702,I
0088725,3992396,I
0088725,3991145,I
0088725,0096486,R
0087040,0591516,I
0087040,0591516,R
0088177,2819489,I
0088177,2827399,I
0088177,0402552,R
0088177,0906041,R
0088763,0000150,I
0088763,0000502,I
0088763,0000670,I
0088763,0000709,R
0089881,0619938,I
0089881,0855417,I
0089881,0628704,I
0089881,0000041,R
0090329,0000148,I
0090329,0000534,I
0090329,0001305,I
0090329,0001837,R
0089560,0000333,I
0089560,0000655,I
0089560,0000385,I
0089560,0000953,R
0088933,0000747,I
0088933,0000979,I
0088933,0002025,I
0088933,0000165,R
0091867,0001749,I
0091867,0000307,I
0091867,0001186,I
0091867,0412465,R
0089755,0000658,I
0089755,0000602,I
0089755,0001970,I
0089755,0001628,R
0089841,0000197,I
0089841,0000678,I
0089841,0005162,I
0089841,0001379,R
0090319,0000864,I
0090319,0002138,I
0090319,0804592,I
0090319,0000431,R
0089424,0000458,I
0089424,0000471,I
0089424,0000968,I
0089424,0002199,R
0089276,0001903,I
0089276,0022765,I
0089276,0897693,I
0089276,0699933,R
0090203,0656183,I
0090203,0001334,I
0090203,0323344,I
0090203,0557751,R
0088740,0789600,I
0088740,0078949,I
0088740,0145292,I
0088740,0075731,R
0088857,0000640,I
0088857,0756763,I
0088857,0580565,I
0088857,0610927,R
0089612,0049314,I
0089612,0077825,I
0089612,0087529,I
0089612,0113819,R
0090965,0335519,I
0090965,0267757,I
0090965,0361201,I
0090965,0335519,R
0091152,0886952,R
0090330,2831966,I
0090330,0633271,I
0090330,17227371,I
0090330,0787304,R
0088332,4755967,I
0088332,1184603,I
0088332,0393914,R
0088332,0403174,R
0092099,0000129,I
0092099,0000209,I
0092099,0000534,I
0092099,0001716,R
0090605,0000244,I
0090605,0000299,I
0090605,0001343,I
0090605,0000116,R
0091763,0000221,I
0091763,0000297,I
0091763,0000353,I
0091763,0000231,R
0091064,0000156,I
0091064,0000133,I
0091064,0315288,I
0091064,0000343,R
0091530,0000134,I
0091530,0000460,I
0091530,0564044,I
0091530,0423646,R
0090863,0000056,I
0090863,0000129,I
0090863,0001512,I
0090863,0000217,R
0091167,0001201,I
0091167,0001848,I
0091167,0000323,I
0091167,0000095,R
0090830,0000458,I
0090830,0559144,I
0090830,0001453,I
0090830,0354279,R
0090557,0330143,I
0090557,0167388,I
0090557,0354593,I
0090557,0851724,R
0090576,0513190,I
0090576,0879726,I
0090576,0892857,I
0090576,0705444,R
0091787,0941457,R
0092235,0940946,I
0092235,2831454,I
0092235,2832094,I
0092235,0893868,R
0093870,0000693,I
0093870,0000262,I
0093870,0641397,I
0093870,0000682,R
0092890,0000664,I
0092890,0000426,I
0092890,0001583,I
0092890,0001915,R
0094226,0000126,I
0094226,0000125,I
0094226,0000134,I
0094226,0000361,R
0093565,0000333,I
0093565,0000115,I
0093565,0001156,I
0093565,0422484,R
0094291,0000221,I
0094291,0000140,I
0094291,0876645,I
0094291,0000231,R
0093389,0518821,I
0093389,0001040,I
0093389,0000564,I
0093389,0000934,R
0093148,0001475,I
0093148,0227039,I
0093148,0486661,I
0093148,0213100,R
0093260,0000598,I
0093260,0001737,I
0093260,0000212,I
0093260,0001102,R
0092603,0000804,I
0092603,0458064,I
0092603,0270147,I
0092603,0002196,R
0093713,0404817,I
0093713,0001884,I
0093713,0654994,I
0093713,0000806,R
0093488,0634159,I
0093488,0001626,I
0093488,0045610,R
0093826,0009854,I
0093826,0158678,I
0093826,0195311,I
0093826,0330057,R
0094363,2198139,I
0094363,2186349,I
0094363,0174904,R
0094363,0555680,R
0364151,0000217,I
0364151,0000953,I
0364151,0004746,I
0094721,0000285,I
0094721,0000133,I
0094721,0000474,I
0094721,0000318,R
0095953,0000163,I
0095953,0000129,I
0095953,0000420,I
0095953,0001469,R
0095765,0634159,I
0095765,0134073,I
0095765,0041066,I
0095765,0868153,R
0096438,0001364,I
0096438,0000502,I
0096438,0001026,I
0096438,0000709,R
0095647,0000432,I
0095647,0000353,I
0095647,0000531,I
0095647,0000570,R
0094947,0000335,I
0094947,0000518,I
0094947,0000201,I
0094947,0001241,R
0095159,0000092,I
0095159,0000130,I
0095159,0000177,I
0095159,0187769,R
0095159,0000092,R
0094608,0000534,I
0094608,0000149,I
0094608,0183464,I
0094608,0438279,R
0096463,0000429,I
0096463,0000148,I
0096463,0000244,I
0096463,0001566,R
0094606,0000458,I
0094606,0000678,I
0094606,0000133,I
0094606,0001410,R
0094747,0001845,I
0094747,0893204,I
0094747,0954677,I
0094747,0000142,R
0095638,0001952,I
0095638,0103071,I
0095638,0000968,I
0095638,0000602,R
0096273,0005124,R
0095341,0053597,I
0095341,0487351,I
0095341,0649096,I
0095341,0649096,R
0094670,0942833,I
0094670,0000100,I
0094670,0582418,I
0094670,0661751,R
0096484,1168981,I
0096484,2847673,I
0096484,2847396,I
0096484,0164885,R
0096484,0349702,R
0097576,0000148,I
0097576,0000125,I
0097576,0233145,I
0097576,0000229,R
0097165,0000245,I
0097165,0000494,I
0097165,0000160,I
0097165,0001837,R
0096895,0000474,I
0096895,0000197,I
0096895,0000107,I
0096895,0000318,R
0096754,0000438,I
0096754,0001512,I
0096754,0000299,I
0096754,0000116,R
0097757,0072533,I
0097757,0942787,I
0097757,0041281,I
0097757,0166256,R
0097757,0615780,R
0097441,0000111,I
0097441,0000243,I
0097441,0000144,I
0097441,0001880,R
0096969,0000129,I
0096969,0488267,I
0096969,0000855,I
0096969,0000231,R
0097239,0000151,I
0097239,0001788,I
0097239,0000101,I
0097239,0000915,R
0097937,0000358,I
0097937,0002084,I
0097937,0924009,I
0097937,0006487,R
0097499,0000110,I
0097499,0001394,I
0097499,0791871,I
0097499,0000110,R
0099317,0781276,I
0099317,0661910,R
0097099,0506870,I
0097099,0541723,I
0097099,0541746,I
0097099,0258531,R
0097099,0295243,R
0096880,0490771,R
0096880,0490773,R
0100076,0088647,I
0100076,0285568,I
0100076,0424574,I
0100076,0203215,R
0097628,0137230,I
0097628,3399817,I
0097628,3400101,I
0097628,0346549,R
0098677,0377901,I
0098677,0114742,I
0098677,0121755,I
0098677,0376835,R
0099685,0000134,I
0099685,0000501,I
0099685,0000582,I
0099685,0000217,R
0100802,0000216,I
0100802,0000232,I
0100802,0000461,I
0100802,0000682,R
0100157,0001001,I
0100157,0000870,I
0100157,0002070,I
0100157,0001661,R
0099348,0000126,I
0099348,0001521,I
0099348,0001295,I
0099348,0000126,R
0099653,0000664,I
0099653,0000193,I
0099653,0000155,I
0099653,0958387,R
0099810,0000125,I
0099810,0000285,I
0099810,0001277,I
0099810,0001532,R
0099422,0000886,I
0099422,0000187,I
0099422,0000199,I
0099422,0000886,R
0100486,0000460,I
0100486,0000335,I
0100486,0798779,I
0100486,0775447,R
0099334,0000367,I
0099334,0110507,I
0099334,0001641,I
0099334,0710919,R
0099028,14905883,I
0099028,14905884,I
0099028,14905885,I
0099028,0465932,R
0099028,0135199,R
0099028,0359735,R
0100470,0959891,I
0100470,0845748,I
0100470,0803355,I
0100470,0002699,R
0102926,0000149,I
0102926,0000164,I
0102926,0001277,I
0102926,0001129,R
0103064,0000216,I
0103064,0000157,I
0103064,0000411,I
0103064,0000116,R
0103074,0000215,I
0103074,0000133,I
0103074,0000172,I
0103074,0000631,R
0101414,0641314,I
0101414,0000913,I
0101414,0181425,I
0101414,0873779,R
0101414,0936374,R
0102138,0000126,I
0102138,0000198,I
0102138,0000493,I
0102138,0000231,R
0101889,0000313,I
0101889,0000245,I
0101889,0117035,I
0101889,0000416,R
0101587,0000345,I
0101587,0001588,I
0101587,0827663,I
0101587,0881038,R
0101516,0000886,I
0101516,0000906,I
0101516,0000172,I
0101516,0001469,R
0102426,0007746,I
0102426,0081702,I
0102426,0147794,I
0102426,0759368,R
0099372,1165301,I
0099372,0640804,I
0099372,1337088,I
0099372,0645574,R
0108086,0013602,I
0108086,0026687,I
0108086,0187540,I
0108086,0935641,R
0102392,0337319,R
0101683,16592413,I
0101683,16513543,I
0101683,16592402,I
0101683,0153899,R
0102114,0429466,I
0102114,0509921,R
0102114,0764770,R
0104952,0000582,I
0104952,0000673,I
0104952,0001494,I
0104952,0528718,R
0103874,0000198,I
0103874,0000213,I
0103874,0000164,I
0103874,0000338,R
0105323,0000199,I
0105323,0000563,I
0105323,0714310,I
0105323,0000976,R
0104691,0000358,I
0104691,0000656,I
0104691,0575184,I
0104691,0000520,R
0104070,0000658,I
0104070,0000246,I
0104070,0000443,I
0104070,0000709,R
0105695,0000142,I
0105695,0000432,I
0105695,0000151,I
0105695,0000142,R
0103639,0918334,I
0103639,0000245,I
0103639,0488306,I
0103639,0166256,R
0103639,0615780,R
0105265,0001729,I
0105265,0000093,I
0105265,0000643,I
0105265,0000602,R
0104036,0001653,I
0104036,0001109,I
0104036,0001845,I
0104036,0001403,R
0104454,0000164,I
0104454,0000668,I
0104454,0000603,I
0104454,0412465,R
0104507,0000366,I
0104507,0001641,I
0104507,0199006,I
0104507,0912224,R
0103791,0273178,I
0103791,0764450,I
0103791,0004851,I
0103791,0874096,R
0105089,0000548,I
0105089,0862198,I
0105089,0931462,I
0105089,0872134,R
0105051,0722679,I
0105051,0551791,I
0105051,0712204,I
0105051,0439748,R
0104908,1110568,I
0104908,0336049,R
0104167,1314510,I
0104167,0997002,I
0104167,0943458,R
0108052,0000553,I
0108052,0000146,I
0108052,0001426,I
0108052,0000229,R
0107290,0000554,I
0107290,0000368,I
0107290,0000156,I
0107290,0000229,R
0107614,0000245,I
0107614,0000398,I
0107614,0000112,I
0107614,0001060,R
0106977,0000148,I
0106977,0000169,I
0106977,0000688,I
0106977,0001112,R
0106226,0000358,I
0106226,0000201,I
0106226,0000213,I
0106226,0000217,R
0107822,0000456,I
0107822,0000172,I
0107822,0000554,I
0107822,0001005,R
0107818,0000158,I
0107818,0000243,I
0107818,0561809,I
0107818,0001129,R
0108598,0758608,I
0108598,0661910,R
0106961,0001290,I
0106961,0504821,I
0106961,0832792,I
0106961,0134922,R
0106446,0357725,I
0106446,0811345,I
0106446,0256960,I
0106446,0277599,R
0106446,0811345,R
0108056,0596173,I
0108056,0653678,I
0108056,0580930,I
0108056,0200500,R
0107177,0713371,I
0107177,2963310,I
0107177,10702382,I
0107177,0713371,R
0110912,0000237,I
0110912,0000235,I
0110912,0000168,I
0110912,0000233,R
0109830,0000158,I
0109830,0000705,I
0109830,0000641,I
0109830,0000709,R
0110357,0000111,I
0110357,0000460,I
0110357,0000469,I
0110357,0021249,R
0110357,0591450,R
0111257,0000206,I
0111257,0000454,I
0111257,0000113,I
0111257,0000957,R
0110322,0000093,I
0110322,0000164,I
0110322,0001644,I
0110322,0001880,R
0109045,0915989,I
0109045,0001602,I
0109045,0000654,I
0109045,0254632,R
0109707,0000136,I
0109707,0001445,I
0109707,0000572,I
0109707,0000318,R
0110877,0873385,I
0110877,0634159,I
0110877,0002029,I
0110877,0705535,R
0109348,0000131,I
0109348,0001848,I
0109348,0000236,I
0109348,0000095,R
0110428,0001329,I
0110428,0000545,I
0110428,0001291,I
0110428,0405336,R
0109306,0001448,I
0109306,0000169,I
0109306,0000959,I
0109306,0724798,R
0111579,0586482,I
0111579,0200848,I
0111579,0579823,I
0111579,0586482,R
0111486,0058294,I
0111486,0435071,I
0111486,0515496,I
0111486,0707475,R
0111436,0346549,R
0110480,0510929,I
0110480,0595131,R
0106694,0493822,R
0106694,0943337,R
0106694,4305750,R
0114814,0000228,I
0114814,0000321,I
0114814,0001590,I
0114814,0001741,R
0112573,0000154,I
0112573,0000521,I
0112573,0001526,I
0112573,0000154,R
0114709,0000158,I
0114709,0000741,I
0114709,0725543,I
0114709,0005124,R
0114388,0000668,I
0114388,0000701,I
0114388,0281424,I
0114388,0000487,R
0112384,0000158,I
0112384,0000200,I
0112384,0000102,I
0112384,0000165,R
0113627,0000115,I
0113627,0000223,I
0113627,0001696,I
0113627,0001214,R
0114148,0000154,I
0114148,0001373,I
0114148,0000288,I
0114148,0300265,R
0114148,0325196,R
0112431,0000342,I
0112431,0844294,I
0112431,0004815,I
0112431,0003088,R
0112818,0000215,I
0112818,0000576,I
0112818,0698764,I
0112818,0000209,R
0113819,0000095,I
0113819,0000227,I
0113819,0086322,I
0113819,0000095,R
0112691,0758608,I
0112691,0717176,I
0112691,0661910,R
0114272,0000375,I
0114272,0000554,I
0114272,0000667,I
0114272,0001355,R
0112379,0002168,I
0112379,0213912,I
0112379,0887675,I
0112379,0331296,R
0112373,0000110,I
0112373,0000335,I
0112373,13779449,I
0112373,0086282,R
0114044,0919318,I
0114044,1667189,I
0114044,0859354,I
0114044,0030794,R
0113653,0000732,I
0113653,0001441,I
0113653,0001802,I
0113653,0001441,R
0116629,0000226,I
0116629,0000597,I
0116629,0000156,I
0116629,0000386,R
0116282,0000513,I
0116282,0000531,I
0116282,0000114,I
0116282,0001054,R
0116282,0001053,R
0116695,0000129,I
0116695,0000421,I
0116695,0000250,I
0116695,0001081,R
0116209,0000146,I
0116209,0000300,I
0116209,0000353,I
0116209,0005237,R
0117666,0000671,I
0117666,0948267,I
0117666,0000687,I
0117666,0000671,R
0116409,0000140,I
0116409,0000174,I
0116409,0929489,I
0116409,0394280,R
0116191,0000569,I
0116191,0181920,I
0116191,0000627,I
0116191,0569790,R
0117218,0000552,I
0117218,0000586,I
0117218,0000336,I
0117218,0001723,R
0116250,0000187,I
0116250,0000596,I
0116250,0000104,I
0116250,0000570,R
0117631,0001691,I
0117631,0000090,I
0117631,0104051,I
0117631,0382956,R
0118147,0000738,I
0118147,0286040,I
0118147,0005091,I
0118147,0309382,R
0116790,0006664,I
0116790,0149936,I
0116790,0755941,I
0116790,0841232,R
0115753,0639694,I
0115753,0245117,I
0115753,1462489,I
0115753,0950506,R
0116058,0001564,I
0116058,0450116,I
0116058,0798816,I
0116058,0291205,R
0117419,0599946,R
0120338,0000138,I
0120338,0000701,I
0120338,0000708,I
0120338,0000116,R
0119217,0000245,I
0119217,0000354,I
0119217,0000255,I
0119217,0001814,R
0118799,0000905,I
0118799,0000971,I
0118799,0134493,I
0118799,0000905,R
0119654,0000169,I
0119654,0000226,I
0119654,0000400,I
0119654,0001756,R
0119488,0000228,I
0119488,0000128,I
0119488,0001602,I
0119488,0000436,R
0119822,0000197,I
0119822,0000166,I
0119822,0001427,I
0119822,0000985,R
0119164,0001015,I
0119164,0929489,I
0119164,0004692,I
0119164,0146341,R
0118564,0000560,I
0118564,0000651,I
0118564,0000336,I
0118564,0001707,R
0119448,0208798,I
0119448,0213912,I
0119448,0404806,I
0119448,0226016,R
0131409,0677037,I
0131409,0684342,R
0119561,0000151,I
0119561,0490552,I
0119561,0787149,I
0119561,0365057,R
0141858,0159988,I
0141858,0223123,I
0141858,0223123,R
0141963,0850875,I
0141963,0297986,I
0141963,0313657,I
0141963,0850875,R
0120815,0000158,I
0120815,0000354,I
0120815,0001744,I
0120815,0000229,R
0120794,0000174,I
0120794,0000146,I
0120794,0000201,I
0120794,0152312,R
0120794,9054338,R
0120794,0920425,R
0120889,0000245,I
0120889,0000421,I
0120889,0001711,I
0120889,0911910,R
0138097,0000569,I
0138097,0001212,I
0138097,0001691,I
0138097,0006960,R
0127536,0000949,I
0127536,0318884,I
0127536,0191358,I
0127536,0001408,R
0120684,0005212,I
0120684,0000409,I
0120684,0001655,I
0120684,0174374,R
0120802,0147605,I
0120802,0081175,I
0120802,0464855,I
0120802,0320660,R
0174852,0059646,I
0174852,0059651,I
0174852,0103953,I
0174852,0002224,R
0179011,0917188,I
0179011,0917188,R
0189179,0860947,I
0189179,0819491,I
0189179,0554201,I
0189179,0421314,R
0177023,0826523,I
0177023,0242973,I
0177023,0816375,I
0177023,0774294,R
0133093,0000206,I
0133093,0000401,I
0133093,0005251,I
0133093,0905154,R
0133093,0905152,R
0169547,0000228,I
0169547,0000906,I
0169547,0000301,I
0169547,0005222,R
0172493,0000213,I
0172493,0001401,I
0172493,0245112,I
0172493,0003506,R
0162661,0000136,I
0162661,0000207,I
0162661,0001669,I
0162661,0000318,R
0120855,0001282,I
0120855,0000378,I
0120855,0000306,I
0120855,0118333,R
0120855,0510674,R
0185125,0005386,I
0185125,0004650,I
0185125,0679150,I
0185125,0000264,R
0171804,0005476,I
0171804,0001721,I
0171804,0765597,I
0171804,0005303,R
0124315,0001497,I
0124315,0000234,I
0124315,0000323,I
0124315,0002120,R
0151568,0000980,I
0151568,0179680,I
0151568,0002077,I
0151568,0005139,R
0230591,0000140,I
0230591,0819166,I
0230591,0309101,I
0230591,0531817,R
0207639,0684521,I
0207639,0216594,I
0207639,0559444,I
0207639,0678154,R
0239528,0402244,I
0239528,1122625,I
0239528,0169804,R
0239528,0925659,R
0176018,0090431,I
0176018,0129516,I
0176018,0251342,I
0176018,0406503,R
0172495,0000128,I
0172495,0001618,I
0172495,0001567,I
0172495,0000631,R
0181875,0001082,I
0181875,0297578,I
0181875,0005028,I
0181875,0001081,R
0195685,0000210,I
0195685,0001215,I
0195685,0109773,I
0195685,0001752,R
0181865,0000140,I
0181865,0001125,I
0181865,0001876,I
0181865,0001752,R
0190332,0000334,I
0190332,0000706,I
0190332,0955471,I
0190332,0000487,R
0170016,0000120,I
0170016,0597410,I
0170016,3679189,I
0170016,0000165,R
0141926,0000190,I
0141926,0000200,I
0141926,0000172,I
0141926,0609236,R
0185014,0000140,I
0185014,0001497,I
0185014,0000531,I
0185014,0000436,R
0183659,0000438,I
0183659,0001315,I
0183659,0461446,I
0183659,0000438,R
0248808,0250995,I
0248808,0250995,R
0279079,8041843,I
0279079,0240196,R
0248912,0001132,I
0248912,1049634,I
0248912,0297161,I
0248912,0365057,R
0280353,14339077,I
0280353,1060676,I
0280353,0785033,R
0216131,0673480,I
0216131,0671526,I
0216131,2177894,I
0216131,0302780,R
0120737,0000704,I
0120737,0005212,I
0120737,0089217,I
0120737,0001392,R
0245429,0153738,I
0245429,0687189,I
0245429,0997115,I
0245429,0594503,R
0265086,0001326,I
0265086,0000191,I
0265086,0001744,I
0265086,0000631,R
0268978,0000128,I
0268978,0000438,I
0268978,0000124,I
0268978,0000165,R
0126029,0000196,I
0126029,0000552,I
0126029,0000139,I
0126029,0011470,R
0126029,0421776,R
0139654,0000243,I
0139654,0000160,I
0139654,0001277,I
0139654,0298807,R
0198781,0000345,I
0198781,0000422,I
0198781,0316701,I
0198781,0230032,R
0198781,0798899,R
0198781,0881279,R
0203009,0000173,I
0203009,0000191,I
0203009,0000491,I
0203009,0525303,R
0213149,0000255,I
0213149,0000295,I
0213149,0001326,I
0213149,0000881,R
0280707,0001749,I
0280707,0000202,I
0280707,0002091,I
0280707,0000265,R
0285742,0000671,I
0285742,0000932,I
0285742,0801231,I
0285742,0286975,R
0222675,0571964,I
0222675,0324658,I
0222675,0454674,I
0222675,0571964,R
0283509,0229301,I
0283509,0084484,I
0283509,0816297,I
0283509,0849786,R
0280778,0001132,I
0280778,0000980,I
0280778,0000701,I
0280778,0264236,R
0161860,0477810,I
0161860,0632457,I
0161860,0352278,I
0161860,0512862,R
0307197,4984604,I
0307197,4983921,I
0307197,4984168,I
0307197,0994355,R
0253474,0004778,I
0253474,0470981,I
0253474,0277975,I
0253474,0000591,R
0167261,0000704,I
0167261,0005212,I
0167261,0001557,I
0167261,0001392,R
0298203,0004896,I
0298203,0005261,I
0298203,0000107,I
0298203,0000436,R
0257044,0000158,I
0257044,0388382,I
0257044,0000056,I
0257044,0005222,R
0299658,0000250,I
0299658,0001876,I
0299658,0000152,I
0299658,0551128,R
0120679,0000161,I
0120679,0000547,I
0120679,0001691,I
0120679,0853380,R
0274558,0000658,I
0274558,0000173,I
0274558,0000194,I
0274558,0197636,R
0268126,0000115,I
0268126,0000658,I
0268126,0177933,I
0268126,0005069,R
0287467,0282936,I
0287467,0194572,I
0287467,0334882,I
0287467,0000264,R
0310793,0601619,I
0310793,0000032,I
0310793,0001504,I
0310793,0601619,R
0331218,1243271,I
0331218,1342644,I
0331218,0938787,I
0331218,0035697,R
0340071,0117937,I
0340071,0070571,I
0340071,0451753,I
0340071,1015687,R
0299178,1070455,I
0299178,13557342,I
0299178,7947152,I
0299178,0449576,R
0167260,0000704,I
0167260,0001557,I
0167260,0005212,I
0167260,0001392,R
0327056,0000576,I
0327056,0000209,I
0327056,0000102,I
0327056,0000142,R
0266543,0000983,I
0266543,0001122,I
0266543,1071252,I
0266543,0004056,R
0266543,0881279,R
0335266,0000195,I
0335266,0424060,I
0335266,0000610,I
0335266,0001068,R
0159365,0000179,I
0159365,0000173,I
0159365,0000250,I
0159365,0005237,R
0311113,0000128,I
0311113,0079273,I
0311113,0101710,I
0311113,0001837,R
0340855,0000234,I
0340855,0000207,I
0340855,0001136,I
0340855,0420941,R
0317910,0573726,I
0317910,0448123,I
0317910,0004242,I
0317910,0001554,R
0338135,0320721,I
0338135,0077715,I
0338135,1234157,I
0338135,0000780,R
0382734,0001691,I
0382734,0436371,I
0382734,0281313,I
0382734,0254178,R
0388534,1461267,I
0388534,0245705,I
0388534,1501724,I
0388534,0036349,R
0304858,1101682,I
0304858,1101359,I
0304858,0000579,I
0304858,0773689,R
0344503,2242768,I
0344503,0349702,R
0344503,0691888,R
0396959,1788967,I
0396959,1736739,I
0396959,1463062,R
0338013,0000120,I
0338013,0000701,I
0338013,0929489,I
0338013,0327273,R
0317705,0005266,I
0317705,0000168,I
0317705,0000456,I
0317705,0083348,R
0316654,0001497,I
0316654,0000379,I
0316654,0000547,I
0316654,0000600,R
0375679,0000332,I
0375679,0000113,I
0375679,0628601,I
0375679,0353673,R
0338751,0000138,I
0338751,0000949,I
0338751,0000295,I
0338751,0000217,R
0405159,0005476,I
0405159,0000142,I
0405159,0000151,I
0405159,0000142,R
0375063,0316079,I
0375063,0002006,I
0375063,0000515,I
0375063,0668247,R
0339291,0000120,I
0339291,0000179,I
0339291,0000658,I
0339291,0797869,R
0350258,0004937,I
0350258,0005093,I
0350258,0913488,I
0350258,0000431,R
0308644,0000136,I
0308644,0000701,I
0308644,0001046,I
0308644,0286975,R
0318462,0305558,I
0318462,0209404,I
0318462,0535502,I
0318462,0758574,R
0369702,0000849,I
0369702,0749104,I
0369702,0240318,I
0369702,0024622,R
0425458,0322407,I
0425458,0175860,I
0425458,0932837,I
0425458,1732981,R
0388789,2100653,I
0388789,2099087,I
0388789,2092248,I
0388789,1498640,R
0388789,1502104,R
0414469,0488321,I
0414469,0484996,I
0414469,1689735,I
0414469,0484996,R
0443587,1847023,I
0443587,1066970,I
0443587,1966683,I
0443587,0396884,R
0388795,0350453,I
0388795,0005132,I
0388795,0931329,I
0388795,0000487,R
0363771,0842770,I
0363771,1670137,I
0363771,0608440,I
0363771,0011470,R
0360717,0915208,I
0360717,0085312,I
0360717,0004778,I
0360717,0001392,R
0397535,0955471,I
0397535,0913822,I
0397535,0000706,I
0397535,0551128,R
0358273,0001618,I
0358273,0000702,I
0358273,0329481,I
0358273,0003506,R
0387131,0000146,I
0387131,0001838,I
0387131,0396812,I
0387131,0576987,R
0312004,0758608,I
0312004,0000307,I
0312004,0000146,I
0312004,0101508,R
0312004,0661910,R
0379725,0000450,I
0379725,0004286,I
0379725,0001416,I
0379725,0587955,R
0365737,0000123,I
0365737,0000354,I
0365737,0001605,I
0365737,0300866,R
0410097,0005024,I
0410097,0524839,I
0410097,0026364,I
0410097,0108132,R
0428803,0000151,I
0428803,0001960,I
0428803,0075650,I
0428803,0415207,R
0468565,1970113,I
0468565,1708171,I
0468565,1987447,I
0468565,0004303,R
0438575,1797112,I
0438575,1715275,I
0438575,0849578,I
0438575,1847738,R
0491795,0000265,I
0491795,0181658,I
0491795,0004847,I
0491795,0800787,R
0449619,0908919,I
0449619,0001806,I
0449619,1044905,I
0449619,0133866,R
0407887,0000138,I
0407887,0000354,I
0407887,0000197,I
0407887,0000217,R
0457430,1419440,I
0457430,0317725,I
0457430,0530365,I
0457430,0868219,R
0405094,0618057,I
0405094,0311476,I
0405094,0462407,I
0405094,0003697,R
0449059,0136797,I
0449059,0001057,I
0449059,0001427,I
0449059,0206760,R
0449059,0267512,R
0383574,0000136,I
0383574,0089217,I
0383574,0461136,I
0383574,0893659,R
0422720,0000379,I
0422720,0005403,I
0422720,0001800,I
0422720,0001068,R
0449467,0000093,I
0449467,0000949,I
0449467,0305558,I
0449467,0327944,R
0455590,0564215,I
0455590,0001845,I
0455590,0000096,I
0455590,0531817,R
0366548,0000704,I
0366548,0005261,I
0366548,0413168,I
0366548,0004306,R
0366548,0171253,R
0366548,0606688,R
0498380,0913822,I
0498380,0632497,I
0498380,0407296,I
0498380,0000142,R
0907657,0360598,I
0907657,2461627,I
0907657,2008013,I
0907657,0138809,R
0436697,0000545,I
0436697,0790688,I
0436697,0000342,I
0436697,0001241,R
0443489,0461498,I
0443489,0004937,I
0443489,0000552,I
0443489,0174374,R
0497116,0330722,I
0497116,0921942,I
0497116,0124132,I
0497116,0346550,R
0863136,0994585,R
0933357,0880521,I
0933357,0468380,R
0820971,2304699,I
0820971,0689562,I
0820971,0605196,I
0820971,0689562,R
0859595,8049049,I
0859595,8049047,I
0859595,8049048,I
0859595,0002548,R
0477348,0000169,I
0477348,0000849,I
0477348,0000982,I
0477348,0001053,R
0477348,0001054,R
0783233,0461136,I
0783233,0564215,I
0783233,0000950,I
0783233,0942504,R
0469494,0000358,I
0469494,0200452,I
0469494,0001354,I
0469494,0000759,R
0382932,0004951,I
0382932,0738918,I
0382932,0652663,I
0382932,0083348,R
0382932,0684342,R
0467406,0680983,I
0467406,0148418,I
0467406,0004950,I
0467406,0718646,R
0465538,0000123,I
0465538,0842770,I
0465538,0929489,I
0465538,0006904,R
0408236,0000136,I
0408236,0000307,I
0408236,0000614,I
0408236,0000318,R
0440963,0000354,I
0440963,1183149,I
0440963,0000260,I
0440963,0339030,R
0385752,0000173,I
0385752,0185819,I
0385752,2301950,I
0385752,0919363,R
0414055,0000949,I
0414055,0654110,I
0414055,0001691,I
0414055,0001408,R
0450188,0182839,I
0450188,0856500,I
0450188,0339621,I
0450188,0196860,R
0813547,0548686,I
0813547,0225944,I
0813547,0834479,I
0813547,0752328,R
0854678,0316795,I
0854678,1965007,I
0854678,2546181,I
0854678,0316795,R
1280548,0433465,I
1280548,2704342,I
1280548,3129674,I
1280548,0293770,R
0914369,2532689,I
0914369,7878175,I
0914369,7878171,I
0914369,1106629,R
0468569,0000288,I
0468569,0005132,I
0468569,0001173,I
0468569,0634240,R
0910970,0123785,I
0910970,2264184,I
0910970,0307531,I
0910970,0004056,R
0421715,0000093,I
0421715,0000949,I
0421715,0842770,I
0421715,0000399,R
0976051,0000701,I
0976051,0000146,I
0976051,0004486,I
0976051,0197636,R
0887912,0719637,I
0887912,1107001,I
0887912,1310016,I
0887912,0000941,R
1010048,2353862,I
1010048,2951768,I
1010048,0795661,I
1010048,0000965,R
1010048,0849164,R
0497465,0356017,I
0497465,0424060,I
0497465,0000849,I
0497465,0000095,R
0864761,0461136,I
0864761,0000146,I
0864761,1002641,I
0864761,1314116,R
1013753,0000576,I
1013753,0000982,I
1013753,0386472,I
1013753,0001814,R
1069238,0609403,I
1069238,0386414,I
1069238,0945734,I
1069238,0847690,R
1155592,0677597,I
1155592,3072750,I
1155592,3072759,I
1155592,1016428,R
1361566,0619178,I
1361566,3272471,R
1360065,3547962,I
1360065,3547868,I
1360065,3548780,I
1360065,0616959,R
0361748,0000093,I
0361748,1208167,I
0361748,0744834,I
0361748,0000233,R
0499549,0941777,I
0499549,0757855,I
0499549,0000244,I
0499549,0000116,R
0796366,1517976,I
0796366,0704270,I
0796366,0670408,I
0796366,0009190,R
1305806,0201857,I
1305806,0897845,I
1305806,0706567,I
1305806,0002728,R
1049413,0000799,I
1049413,2973712,I
1049413,0001652,I
1049413,0230032,R
1049413,0677037,R
0878804,2466842,I
0878804,0000113,I
0878804,0005210,I
0878804,0359387,R
0929632,2829737,I
0929632,0594898,I
0929632,1745736,I
0929632,0200005,R
1263670,0000313,I
1263670,0350454,I
1263670,0268199,I
1263670,0178376,R
0962736,1289434,I
0962736,1670029,I
0962736,0079273,I
0962736,0885249,R
1313104,0639337,I
1313104,2694309,I
1313104,0428194,I
1313104,2694309,R
1520428,0000352,I
1520428,0180984,I
1520428,0049313,I
1520428,3629315,R
1563725,0827307,I
1563725,0041978,I
1563725,2163182,I
1563725,3725519,R
1563725,2494615,R
1563725,2499640,R
1375666,0000138,I
1375666,0330687,I
1375666,0680983,I
1375666,0634240,R
0947798,0000204,I
0947798,0005109,I
0947798,0001993,I
0947798,0004716,R
1285016,0251986,I
1285016,1940449,I
1285016,0005493,I
1285016,0000399,R
1014759,1985859,I
1014759,0000136,I
1014759,0000307,I
1014759,0000318,R
0435761,0000158,I
0435761,0000741,I
0435761,0000349,I
0435761,0881279,R
1504320,0000147,I
1504320,0001691,I
1504320,0000307,I
1504320,0393799,R
0964517,0000242,I
0964517,0000288,I
0964517,0010736,I
0964517,0751102,R
0780653,0001125,I
0780653,0000164,I
0780653,1289434,I
0780653,0002653,R
1645089,0000354,I
1645089,4968464,I
1645089,1674617,I
1645089,2480587,R
1532503,0000191,I
1532503,0001626,I
1532503,0491259,I
1532503,0590122,R
1340107,0675409,I
1340107,0245988,I
1340107,3719076,I
1340107,0081540,R
1669698,2423358,I
1669698,0749509,R
1669698,1316810,R
1543539,3877585,I
1543539,3698559,I
1543539,3876145,I
1543539,2141317,R
1631323,1487468,I
1631323,3730980,I
1631323,3741481,I
1631323,1487468,R
1754549,0329139,R
1754549,0800232,R
1454029,0205626,I
1454029,1297015,I
1454029,0818055,I
1454029,0853238,R
1568346,0185819,I
1568346,1913734,I
1568346,0001626,I
1568346,0000399,R
1605783,0005562,I
1605783,1046097,I
1605783,0000870,I
1605783,0000095,R
1192628,0000136,I
1192628,0279545,I
1192628,0648249,I
1192628,0893659,R
1033575,0000123,I
1033575,0940362,I
1033575,3837786,I
1033575,0668247,R
1832382,1818216,I
1832382,0368689,I
1832382,4299147,I
1832382,1410815,R
0970179,2633535,I
0970179,1631269,I
0970179,0000489,I
0970179,0000217,R
1204342,0010736,I
1204342,0781981,I
1204342,0177933,I
1204342,0090386,R
1655442,0241121,I
1655442,0067367,I
1655442,0000422,I
1655442,0371890,R
1007029,0000658,I
1007029,0000980,I
1007029,0001290,I
1007029,1630273,R
1860355,4708927,I
1860355,4709068,I
1860355,4709205,I
1860355,2418675,R
1860355,1390562,R
1778342,0431622,R
1778342,1099141,R
2201259,0112390,I
2201259,0384152,I
2201259,0497970,I
2201259,0313623,R
1853728,0004937,I
1853728,0910607,I
1853728,0000138,I
1853728,0000233,R
1707386,0413168,I
1707386,0000128,I
1707386,0004266,I
1707386,0393799,R
1790885,1567113,I
1790885,0249291,I
1790885,0695435,I
1790885,0000941,R
1045658,0177896,I
1045658,2225369,I
1045658,0000134,I
1045658,0751102,R
0454876,4139037,I
0454876,0451234,I
0454876,1300009,I
0454876,0000487,R
1074638,0185819,I
1074638,0000849,I
1074638,0365140,I
1074638,0005222,R
1024648,0000255,I
1024648,0186505,I
1024648,0000422,I
1024648,0000255,R
0443272,0000358,I
0443272,0000398,I
0443272,0000657,I
0443272,0000229,R
1217209,0531808,I
1217209,0175262,I
1217209,0000668,I
1217209,0028764,R
1217209,0152312,R
1217209,0700760,R
1781769,0461136,I
1781769,0000179,I
1781769,1093951,I
1781769,0942504,R
1602620,0004462,I
1602620,0728938,I
1602620,0001376,I
1602620,0359734,R
2125608,4582541,I
2125608,5220239,I
2125608,0168977,I
2125608,0070594,R
2388725,0434969,I
2388725,1312566,I
2388725,5254152,I
2388725,0434969,R
2088735,0159900,I
2088735,3262742,I
2088735,2172860,I
2088735,0159900,R
2140371,9648255,I
2140371,5949208,I
2140371,0432616,R
2140371,1581464,R
2123210,0277658,R
2123210,2107225,R
1798709,0001618,I
1798709,0010736,I
1798709,0424060,I
1798709,0005069,R
1343092,0000138,I
1343092,1659547,I
1343092,0249291,I
1343092,0525303,R
2294629,0068338,I
2294629,0579953,I
2294629,2676147,I
2294629,0118333,R
2294629,1601644,R
2024544,0252230,I
2024544,0931324,I
2024544,1055413,I
2024544,2588606,R
1454468,0000113,I
1454468,0000123,I
1454468,0000438,I
1454468,0190859,R
0790636,0000190,I
0790636,0004950,I
0790636,0001467,I
0790636,0885249,R
2358891,0785842,I
2358891,0893872,I
2358891,0272677,I
2358891,0815204,R
2334873,0000949,I
2334873,0000285,I
2334873,0765597,I
2334873,0000095,R
2718492,0474492,I
2718492,5531398,I
2718492,4221607,I
2718492,0667734,R
2396566,0522306,I
2396566,0165749,I
2396566,1423952,I
2396566,1365879,R
3071532,1020089,I
3071532,0000980,I
3071532,1296102,I
3071532,2375389,R
3043542,5793837,R
3043542,3115348,R
2924484,2304799,I
2924484,7327441,I
2924484,1425329,I
2924484,0164885,R
3346410,3354565,I
3346410,5376943,I
3346410,2711342,I
3346410,2225334,R
3449252,0329651,R
0816692,0000190,I
0816692,0004266,I
0816692,1567113,I
0816692,0634240,R
2582802,1886602,I
2582802,0799777,I
2582802,2552034,I
2582802,3227090,R
2278388,0000146,I
2278388,0000719,I
2278388,0023832,I
2278388,0027572,R
0470752,2539953,I
0470752,1727304,I
0470752,1209966,I
0470752,0307497,R
2179136,0177896,I
2179136,1092227,I
2179136,0973177,I
2179136,0000142,R
2084970,1212722,I
2084970,0461136,I
2084970,0328828,I
2084970,0878763,R
2245084,3994407,I
2245084,0012523,I
2245084,1512166,I
2245084,2320658,R
2245084,0930261,R
2562232,0000474,I
2562232,0302108,I
2562232,0001570,I
2562232,0327944,R
2980516,1519666,I
2980516,0428065,I
2980516,4350114,I
2980516,1016428,R
1065073,1294664,I
1065073,0000099,I
1065073,0000160,I
1065073,0000500,R
3316960,0000194,I
3316960,0000285,I
3316960,0829576,I
3316960,0322144,R
3316960,0922903,R
1020072,0654648,I
1020072,0252238,I
1020072,0001856,I
1020072,1148550,R
4044364,5722984,I
4044364,3390925,I
4044364,5015568,I
4044364,0688636,R
3689498,0032151,I
3689498,0047358,I
3689498,2475029,I
3689498,2444148,R
3829254,6594925,R
1392190,0362766,I
1392190,0000234,I
1392190,0396558,I
1392190,0004306,R
3460252,0000168,I
3460252,0000621,I
3460252,0000492,I
3460252,0000233,R
1596363,0000288,I
1596363,0136797,I
1596363,0331516,I
1596363,0570912,R
1895587,0749263,I
1895587,0000474,I
1895587,1046097,I
1895587,0565336,R
1663202,0000138,I
1663202,0362766,I
1663202,2401020,I
1663202,0327944,R
2096673,0688132,I
2096673,0352778,I
2096673,0085400,I
2096673,0230032,R
2096673,0215455,R
3170832,0488953,I
3170832,5016878,I
3170832,0108703,I
3170832,1049433,R
2379713,0185819,I
2379713,0910607,I
2379713,2244205,I
2379713,0005222,R
3682448,0000158,I
3682448,0753314,I
3682448,0000257,I
3682448,0000229,R
0810819,1519666,I
0810819,2539953,I
0810819,1720028,I
0810819,0393799,R
3808342,2764022,I
3808342,4112928,I
3808342,0714455,I
3808342,1841577,R
2870648,1561881,I
2870648,3691877,I
2870648,1053148,I
2870648,0438090,R
5144072,8060550,I
5144072,8027688,I
5144072,1581464,R
4817576,2765916,I
4817576,4006608,I
4817576,0723793,I
4817576,6526715,R
2119532,1940449,I
2119532,0941777,I
2119532,3478396,I
2119532,0000154,R
3783958,0331516,I
3783958,1297015,I
3783958,1679669,I
3783958,3227090,R
2543164,0010736,I
2543164,0719637,I
2543164,0001845,I
2543164,0898288,R
4034228,0000729,I
4034228,0931329,I
4034228,0151419,I
4034228,0518836,R
1386697,0000226,I
1386697,0001467,I
1386697,3053338,I
1386697,0043742,R
2948356,0329481,I
2948356,0000867,I
2948356,0252961,I
2948356,0397174,R
2948356,0601781,R
2948356,1158544,R
3183660,1519666,I
3183660,2239702,I
3183660,0837223,I
3183660,0946734,R
4975722,0991810,I
4975722,0365140,I
4975722,5218990,I
4975722,1503575,R
3040964,5888481,I
3040964,0000195,I
3040964,0001426,I
3040964,0269463,R
2671706,0000243,I
2671706,0205626,I
2671706,0376610,I
2671706,0000243,R
5186714,1486911,I
5186714,1267552,I
5186714,3618794,I
5186714,1410815,R
5275892,9452114,I
5275892,0250035,I
5275892,1521683,I
5275892,1554601,R
5613056,0054659,R
4571288,5458268,I
4571288,6664749,I
4571288,0843763,I
4571288,2038042,R
6073176,13434452,I
6073176,13327198,I
6073176,8594925,I
6073176,3915542,R
5095260,9687869,I
5095260,1103802,R
5052448,2257207,I
5052448,4129745,I
5052448,0925966,I
5052448,1443502,R
4555426,0000198,I
4555426,4141252,I
4555426,0000218,I
4555426,0942504,R
1856101,0000148,I
1856101,0331516,I
1856101,1869101,I
1856101,0898288,R
5013056,7887725,I
5013056,4422686,I
5013056,0753314,I
5013056,0634240,R
5726616,3154303,I
5726616,2309517,I
5726616,0836121,I
5726616,0345174,R
5027774,0000531,I
5027774,0000437,I
5027774,0005377,I
5027774,1732981,R
2380307,5645519,I
2380307,0305558,I
2380307,0000973,I
2380307,0881279,R
2380307,2937122,R
5580390,1020089,I
5580390,0818055,I
5580390,0788335,I
5580390,0868219,R
5776858,3043279,I
5776858,0000358,I
5776858,0544334,I
5776858,0000759,R
5580036,3053338,I
5580036,1659221,I
5580036,0005049,I
5580036,0318916,R
6333060,2406731,I
6333060,5463239,I
6333060,2272288,I
6333060,2406731,R
5639354,6061529,I
5639354,0721280,I
5639354,0323483,I
5639354,0133326,R
6186970,0276162,I
6186970,0948753,I
6186970,2053650,I
6186970,1546084,R
6212516,1080835,I
6212516,1889467,I
6212516,1659891,I
6212516,0327944,R
6794476,1101483,I
6794476,0443855,R
6966692,0001557,I
6966692,0991810,I
6966692,0004802,I
6966692,0268380,R
1825683,1569276,I
1825683,0430107,I
1825683,2143282,I
1825683,3363032,R
4633694,4271336,I
4633694,2159926,I
4633694,2794962,I
4633694,2130108,R
4633694,0709056,R
4633694,0745247,R
1517451,3078932,I
1517451,0177896,I
1517451,0000385,I
1517451,0177896,R
1727824,1785339,I
1727824,2377903,I
1727824,3152605,I
1727824,0001741,R
7349662,0913475,I
7349662,3485845,I
7349662,5637553,I
7349662,0000490,R
5083738,1469236,I
5083738,1297015,I
5083738,0001838,I
5083738,0487166,R
6266538,0000288,I
6266538,0010736,I
6266538,0136797,I
6266538,0570912,R
1213641,0331516,I
1213641,2946516,I
1213641,0164809,I
1213641,3227090,R
6155172,8611957,I
6155172,0211920,I
6155172,9948845,I
6155172,0190859,R
7125860,8460487,I
7125860,4150847,I
7125860,0005093,I
7125860,1503575,R
7775622,3658958,I
7775622,2225545,I
7775622,3011011,I
7775622,3011011,R
7775622,1888091,R
7332306,0006958,I
7332306,4359664,I
7332306,0858500,I
7332306,1142235,R
8075496,3826566,I
8075496,8786591,I
8075496,2831588,I
8075496,7626019,R
6939026,9923635,I
6939026,9923640,I
6939026,9916030,I
6939026,3593950,R
7131622,0000138,I
7131622,0000093,I
7131622,3053338,I
7131622,0000233,R
6751668,0814280,I
6751668,1310525,I
6751668,1856097,I
6751668,0094435,R
3281548,1519680,I
3281548,0914612,I
3281548,6073955,I
3281548,1950086,R
1950186,0000354,I
1950186,0000288,I
1950186,1256532,I
1950186,0003506,R
7286456,0001618,I
7286456,0000134,I
7286456,5939164,I
7286456,0680846,R
8579674,2835616,I
8579674,1126657,I
8579674,0990547,I
8579674,0005222,R
6394270,0000234,I
6394270,0000173,I
6394270,3053338,I
6394270,0005366,R
2584384,9877392,I
2584384,5057169,I
2584384,0424060,I
2584384,0169806,R
1979376,0000158,I
1979376,0000741,I
1979376,0001633,I
1979376,2155757,R
7653254,3485845,I
7653254,0424060,I
7653254,5005121,I
7653254,0000876,R
5363618,1981893,I
5363618,4972453,I
5363618,0705152,I
5363618,2942187,R
2066051,5473782,I
2066051,0068260,I
2066051,0534635,I
2066051,0002077,R
7549996,0000250,I
7549996,2976580,I
7549996,1587729,I
7549996,3734458,R
9351980,10930330,I
9351980,10930331,I
9351980,2414445,I
9351980,0091840,R
9351980,0717064,R
8163822,1978694,I
8163822,2841791,I
8163822,8943180,I
8163822,1903582,R
7129636,4793987,I
7129636,1525794,R
7129636,1155067,R
7129636,0807563,R
10397932,11565969,I
10397932,11565274,I
10397932,0246009,R
6723592,0913475,I
6723592,1500155,I
6723592,4456120,I
6723592,0634240,R
9620292,1659547,I
9620292,3102998,I
9620292,1555340,I
9620292,2193504,R
10272386,0000164,I
10272386,1469236,I
10272386,0309693,I
10272386,1725469,R
2948372,0004937,I
2948372,0275486,I
2948372,0636218,I
2948372,0230032,R
2948372,5358492,R
10288566,0586568,I
10288566,0488917,I
10288566,2099237,I
10288566,0899121,R
10633456,3081796,I
10633456,3680658,I
10633456,10910136,I
10633456,1818032,R
9770150,0000531,I
9770150,0000657,I
9770150,9584508,I
9770150,2125482,R
10618286,0000198,I
10618286,1086543,I
10618286,2934314,I
10618286,0000399,R
12888462,0287741,I
12888462,6463020,I
12888462,11813828,R
12888462,1624755,R
13472984,5352388,I
13472984,9985660,I
13472984,10656440,I
13472984,3579257,R
13472984,1804553,R
10514222,0205626,I
10514222,1569276,I
10514222,0877270,I
10514222,0938045,R
11768948,1854728,R
11768948,0566489,R
11924384,1975269,I
11924384,9362379,I
11924384,12666304,I
11924384,4090848,R
11643154,11268542,I
11643154,11287343,I
11643154,0386944,I
11643154,1818348,R
1160419,3154303,I
1160419,0272581,I
1160419,3918035,I
1160419,0898288,R
2382320,0185819,I
2382320,1869101,I
2382320,1785339,I
2382320,1560977,R
2953050,3715867,I
2953050,1239720,I
2953050,0000491,I
2953050,1158544,R
2953050,0397174,R
2953050,4146781,R
12361974,0147147,I
12361974,0000255,I
12361974,2933757,I
12361974,0811583,R
3581652,5052065,I
3581652,10399505,I
3581652,3663196,I
3581652,0000229,R
3228774,1297015,I
3228774,0000668,I
3228774,2181128,I
3228774,0318916,R
10366460,4454223,I
10366460,0559144,I
10366460,1319274,I
10366460,1571761,R
0993840,1176985,I
0993840,3480246,I
0993840,0307143,I
0993840,0811583,R
10293406,1212722,I
10293406,0000379,I
10293406,0687146,I
10293406,0001005,R
12789558,11879379,I
12789558,11888099,I
12789558,1495520,I
12789558,0000110,R
9784798,3147751,I
9784798,2257207,I
9784798,0687146,I
9784798,3489851,R
9620288,0000226,I
9620288,0254712,I
9620288,1256532,I
9620288,3232264,R
14039582,0632689,I
14039582,4392528,I
14039582,1929776,I
14039582,3152327,R
9115530,1567113,I
9115530,1940449,I
9115530,0427728,I
9115530,0795290,R
11422728,12755863,I
11422728,12755861,I
11422728,12710321,I
11422728,0859821,R
9464038,0010938,I
9464038,7522451,I
9464038,4650285,I
9464038,2856960,R
14513236,0083399,I
14513236,12513817,I
14513236,1234110,I
14513236,3988897,R
1745960,0000129,I
1745960,0000124,I
1745960,1886602,I
1745960,2676052,R
6710474,0000706,I
6710474,3513533,I
6710474,0000130,I
6710474,3453283,R
6710474,3215397,R
9114286,4004793,I
9114286,2143282,I
9114286,1775091,I
9114286,3363032,R
1630029,0941777,I
1630029,0757855,I
1630029,0000244,I
1630029,0000116,R
1016150,0436835,I
1016150,3477129,I
1016150,6037256,I
1016150,0074163,R
13833688,0000409,I
13833688,5584750,I
13833688,1339223,I
13833688,0004716,R
8178634,1694524,I
8178634,2776304,I
8178634,0222426,I
8178634,1442514,R
1488589,0000191,I
1488589,0103195,I
1488589,9640481,I
1488589,0868219,R
1488589,0348993,R
22667880,10946969,I
22667880,0390903,I
22667880,0252961,I
22667880,2718617,R
22667880,12104786,R
13669038,1913734,I
13669038,2946516,I
13669038,2976580,I
13669038,0001631,R
17041964,6281092,I
17041964,6764494,I
17041964,10577559,I
17041964,4173215,R
14625872,5339108,I
14625872,10203835,I
14625872,1572219,I
14625872,5627389,R
14625872,8504330,R
23628262,14679110,I
23628262,14679109,I
23628262,14232155,R
15398776,0614165,I
15398776,1289434,I
15398776,0000354,I
15398776,0634240,R
14230458,1297015,I
14230458,0749263,I
14230458,0000353,I
14230458,0487166,R
1517268,3053338,I
1517268,0331516,I
1517268,4793987,I
1517268,1950086,R
7160372,3041056,I
7160372,1197689,I
7160372,14477035,I
7160372,0322242,R
17009710,1197689,I
17009710,0035128,I
17009710,12299991,I
17009710,2630323,R
14849194,0316079,I
14849194,5007768,I
14849194,14073757,I
14849194,0668247,R
6587046,13177683,I
6587046,4027243,I
6587046,0793069,I
6587046,0594503,R
23289160,4947538,I
23289160,1126340,I
23289160,2747232,I
23289160,0945724,R
23561236,0942482,I
23561236,4169254,I
23561236,0018099,I
23561236,6852255,R
16968450,0000146,I
16968450,1212722,I
16968450,2353862,I
16968450,0027572,R
24082438,15608630,I
24082438,13512939,I
24082438,15954301,I
24082438,13512939,R
19837932,2973824,I
19837932,1846240,I
19837932,0720671,I
19837932,6255610,R
28768883,15190553,I
28768883,5548859,R
28768883,11580481,R
29497240,3331049,I
29497240,17034784,I
29497240,17034785,I
29497240,0639739,R
29795707,4148067,I
29795707,0238057,I
29795707,0376511,I
29795707,0612391,R
29118186,15397669,I
29118186,15397671,I
29118186,15397670,I
29118186,3929283,R
29118186,3988897,R
20215234,0000146,I
20215234,0001804,I
20215234,0001475,I
20215234,0074163,R
28607951,5700898,I
28607951,0919311,I
28607951,5426973,I
28607951,0048918,R
17526714,0000193,I
17526714,4960279,I
17526714,0000598,I
17526714,0267287,R
1262426,7248827,I
1262426,3812858,I
1262426,0000156,I
1262426,0160840,R
8999762,0004778,I
8999762,0428065,I
8999762,0001602,I
8999762,1227232,R
21823606,0001085,I
21823606,0251986,I
21823606,6159473,I
21823606,0251986,R
15239678,3154303,I
15239678,3918035,I
15239678,0272581,I
15239678,0898288,R
4772188,6478535,R
14961016,0868639,I
14961016,0005244,I
14961016,0578080,I
14961016,0758574,R
20221436,0757855,I
20221436,1035423,I
20221436,1411125,I
20221436,0002191,R
30953759,15732721,I
30953759,15732719,I
30953759,15732720,I
30953759,15732721,R
30953759,15732719,R
30953759,15732720,R
