id_igralca,id_filma,vloga
0000434,0080684,I
0000148,0080684,I
0000402,0080684,I
0001850,0080684,I
0000355,0080684,I
0001190,0080684,I
0562679,0080684,I
0048652,0080684,I
0000568,0080684,I
0000027,0080684,I
0120116,0080684,I
0391197,0080684,I
0701023,0080684,I
0916088,0080684,I
0720890,0080684,I
0171829,0080684,I
0002103,0080684,I
0790410,0080684,I
0449984,0080684,R
0000134,0081398,I
0001550,0081398,I
0000582,0081398,I
0898634,0081398,I
0170225,0081398,I
0757854,0081398,I
0002869,0081398,I
0012376,0081398,I
0095114,0081398,I
0867666,0081398,I
0281349,0081398,I
0778737,0081398,I
0242988,0081398,I
0360545,0081398,I
1631599,0081398,I
0160696,0081398,I
0020300,0081398,I
0026718,0081398,I
0000217,0081398,R
0018079,0079579,I
0060692,0079579,I
0613655,0079579,I
0268945,0079579,I
0752925,0079579,I
0810672,0079579,I
0890588,0079579,I
0891347,0079579,I
0845867,0079579,I
0451355,0079579,I
0462496,0079579,I
0881554,0079579,I
0299540,0079579,I
0015253,0079579,I
0465450,0079579,I
0667394,0079579,I
0810550,0079579,I
0950881,0079579,I
0579828,0079579,R
0000661,0081283,I
0001546,0081283,I
0002139,0081283,I
0000459,0081283,I
0001826,0081283,I
0001527,0081283,I
0001503,0081283,I
0499791,0081283,I
0797725,0081283,I
0388819,0081283,I
0714793,0081283,I
0182582,0081283,I
0612778,0081283,I
0399169,0081283,I
0000284,0081283,I
0926026,0081283,I
0230346,0081283,I
0228521,0081283,I
0000602,0081283,R
0000651,0080549,I
0000169,0080549,I
0375629,0080549,I
0101992,0080549,I
0026286,0080549,I
0225417,0080549,I
0566685,0080549,I
0566687,0080549,I
0759467,0080549,I
0761836,0080549,I
0524282,0080549,I
0666338,0080549,I
0912184,0080549,I
2071142,0080549,I
0000350,0080549,I
0253853,0080549,I
0360272,0080549,I
0875616,0080549,I
0000776,0080549,R
0494432,0081150,I
0001673,0081150,I
0156187,0081150,I
0005460,0081150,I
0852118,0081150,I
0241594,0081150,I
0689488,0081150,I
0302113,0081150,I
0096908,0081150,I
0123652,0081150,I
0183256,0081150,I
0047061,0081150,I
0454820,0081150,I
0458710,0081150,I
0859578,0081150,I
0002108,0081150,I
0399828,0081150,I
0725894,0081150,I
0001129,0081150,R
0058532,0080716,I
0001011,0080716,I
0001087,0080716,I
0212847,0080716,I
0289900,0080716,I
0301305,0080716,I
0353831,0080716,I
0400955,0080716,I
0409481,0080716,I
0005204,0080716,I
0575198,0080716,I
0581008,0080716,I
0587944,0080716,I
0600490,0080716,I
0712833,0080716,I
0853808,0080716,I
0000739,0080716,I
0001938,0080716,I
0000570,0080716,R
0000148,0082971,I
0000261,0082971,I
0293550,0082971,I
0722636,0082971,I
0479951,0082971,I
0001186,0082971,I
0000547,0082971,I
0434759,0082971,I
0001891,0082971,I
0846004,0082971,I
0271514,0082971,I
0393853,0082971,I
0717810,0082971,I
0814885,0082971,I
0244190,0082971,I
0780321,0082971,I
0915912,0082971,I
0129640,0082971,I
0000229,0082971,R
0001970,0082736,I
0126569,0082736,I
0417370,0082736,I
0388744,0082736,I
0190691,0082736,I
0027984,0082736,I
0101823,0082736,I
0361950,0082736,I
0538217,0082736,I
0457248,0082736,I
0084450,0082736,I
0525763,0082736,I
0126553,0082736,I
0379796,0082736,I
0475049,0082736,I
0890221,0082736,I
0464694,0082736,I
0312654,0082736,I
0843640,0082736,R
0000031,0082846,I
0000020,0082846,I
0000404,0082846,I
0571630,0082846,I
0001056,0082846,I
0487140,0082846,I
0753068,0082846,I
0004949,0082846,I
0041932,0082846,R
0622544,0082010,I
0000256,0082010,I
0067643,0082010,I
0001162,0082010,I
0774516,0082010,I
0323093,0082010,I
0443343,0082010,I
0562201,0082010,I
0048917,0082010,I
0752761,0082010,I
0203586,0082010,I
0940892,0082010,I
0000568,0082010,I
0571743,0082010,I
0447166,0082010,I
0272817,0082010,I
0608553,0082010,I
0001345,0082010,I
0000484,0082010,R
0569239,0082484,I
0000579,0082484,I
0252832,0082484,I
0001044,0082484,I
0777229,0082484,I
1874510,0082484,I
0094958,0082484,I
0454338,0082484,I
0771391,0082484,I
0318633,0082484,I
0280092,0082484,I
0143823,0082484,I
0254590,0082484,I
0496690,0082484,I
0492195,0082484,I
0083641,0082484,I
0070195,0082484,I
0100205,0082484,I
0000269,0082484,R
0000886,0082979,I
0000473,0082979,I
0001346,0082979,I
0467085,0082979,I
0000197,0082979,I
0000649,0082979,I
0822972,0082979,I
0182661,0082979,I
0001826,0082979,I
0938052,0082979,I
0522281,0082979,I
0228912,0082979,I
0823575,0082979,I
0933359,0082979,I
0942642,0082979,I
0687321,0082979,I
0228533,0082979,I
0192850,0082979,I
0000886,0082979,R
0002027,0082158,I
0153182,0082158,I
0268297,0082158,I
0369814,0082158,I
0314776,0082158,I
0000453,0082158,I
0000024,0082158,I
0000755,0082158,I
0202638,0082158,I
0132293,0082158,I
0000481,0082158,I
0160550,0082158,I
0001113,0082158,I
0535861,0082158,I
0250718,0082158,I
0734654,0082158,I
0947379,0082158,I
0070987,0082158,I
0399853,0082158,R
0001545,0082031,I
0591485,0082031,I
0000024,0082031,I
0280242,0082031,I
0251708,0082031,I
0254634,0082031,I
0743874,0082031,I
0551949,0082031,I
0053856,0082031,I
0211408,0082031,I
0055694,0082031,I
0262715,0082031,I
0178641,0082031,I
0425474,0082031,I
0898728,0082031,I
0389934,0082031,I
0322339,0082031,I
0813902,0082031,I
0330619,0082031,R
0349776,0083922,I
0021655,0083922,I
0012358,0083922,I
0014062,0083922,I
0021910,0083922,I
0082599,0083922,I
0246920,0083922,I
0249735,0083922,I
0259001,0083922,I
0297083,0083922,I
0350737,0083922,I
0335176,0083922,I
0335177,0083922,I
0902369,0083922,I
0373213,0083922,I
0383914,0083922,I
0392331,0083922,I
0474649,0083922,I
0000005,0083922,R
0001426,0083987,I
0000024,0083987,I
0368990,0083987,I
0786022,0083987,I
0000298,0083987,I
0002081,0083987,I
0002145,0083987,I
0590055,0083987,I
0000640,0083987,I
0153182,0083987,I
0356847,0083987,I
0297538,0083987,I
0006762,0083987,I
0416524,0083987,I
0655589,0083987,I
0700869,0083987,I
0000846,0083987,I
0117188,0083987,I
0000277,0083987,R
0001794,0083866,I
0000106,0083866,I
0001075,0083866,I
0908914,0083866,I
0534085,0083866,I
0551502,0083866,I
0296892,0083866,I
0001367,0083866,I
0000143,0083866,I
1056761,0083866,I
0842721,0083866,I
0869324,0083866,I
0059240,0083866,I
2060736,0083866,I
0075500,0083866,I
0137315,0083866,I
0463100,0083866,I
0483932,0083866,I
0000229,0083866,R
0000493,0084335,I
0000651,0084335,I
0563039,0084335,I
0790291,0084335,I
0162541,0084335,I
0166359,0084335,I
0893390,0084335,I
0362222,0084335,I
0103071,0084335,I
0005344,0084335,I
0843775,0084335,I
0233233,0084335,I
0750023,0084335,I
0182626,0084335,I
0746525,0084335,I
0739589,0084335,I
0926026,0084335,I
0489425,0084335,I
0002020,0084335,R
0000267,0084865,I
0001258,0084865,I
0696481,0084865,I
0000690,0084865,I
0440090,0084865,I
0722636,0084865,I
0823174,0084865,I
0036170,0084865,I
1229791,0084865,I
0730425,0084865,I
0151259,0084865,I
0304564,0084865,I
0153093,0084865,I
1369407,0084865,I
0143942,0084865,I
0856784,0084865,I
0328676,0084865,I
0316702,0084865,I
0001175,0084865,R
0000658,0084707,I
0000177,0084707,I
0001493,0084707,I
0439334,0084707,I
0628273,0084707,I
0877186,0084707,I
0609215,0084707,I
0742409,0084707,I
0742558,0084707,I
0000862,0084707,I
0513468,0084707,I
0745232,0084707,I
0502494,0084707,I
0937387,0084707,I
0688834,0084707,I
0802925,0084707,I
0196849,0084707,I
0181324,0084707,I
0001587,0084707,R
0000163,0084805,I
0001448,0084805,I
0000414,0084805,I
0001056,0084805,I
0001164,0084805,I
0000195,0084805,I
0001628,0084805,I
0310960,0084805,I
0000133,0084805,I
0067497,0084805,I
0284129,0084805,I
0309832,0084805,I
0858106,0084805,I
0777531,0084805,I
0600717,0084805,I
2743638,0084805,I
0801660,0084805,I
0581518,0084805,I
0001628,0084805,R
0000072,0082443,I
0000080,0082443,I
0927622,0082443,I
0150196,0082443,I
0161476,0082443,I
0252032,0082443,I
0324305,0082443,I
0351425,0082443,I
0381523,0082443,I
0385441,0082443,I
0386944,0082443,I
0582474,0082443,I
0651844,0082443,I
0654389,0082443,I
0691068,0082443,I
0740483,0082443,I
0902861,0082443,I
2807447,0082443,I
0777510,0082443,R
0000152,0084434,I
0000700,0084434,I
0001418,0084434,I
0005162,0084434,I
0089408,0084434,I
0002060,0084434,I
0001283,0084434,I
0686470,0084434,I
0843221,0084434,I
0000325,0084434,I
0294229,0084434,I
0951471,0084434,I
0676964,0084434,I
0779967,0084434,I
1491267,0084434,I
0748497,0084434,I
0928113,0084434,I
0919681,0084434,I
0000431,0084434,R
0000154,0086617,I
0000244,0086617,I
0001373,0086617,I
0734368,0086617,I
0484770,0086617,I
0208772,0086617,I
0614526,0086617,I
0274817,0086617,I
0814358,0086617,I
0638148,0086617,I
1455689,0086617,I
0013178,0086617,I
0256635,0086617,I
0618708,0086617,I
0449652,0086617,I
0544878,0086617,I
0496545,0086617,I
0879639,0086617,I
0001837,0086617,R
0273888,0084874,I
0664661,0084874,I
0126960,0084874,I
0328020,0084874,I
0398436,0084874,I
0273312,0084874,I
1468030,0084874,I
0749899,0084874,I
12110771,0084874,I
0127596,0084874,I
5310956,0084874,I
0305054,0084874,R
0000434,0086190,I
0000148,0086190,I
0000402,0086190,I
0001850,0086190,I
0000355,0086190,I
0562679,0086190,I
0789970,0086190,I
0001519,0086190,I
0000568,0086190,I
0000469,0086190,I
0001190,0086190,I
0000027,0086190,I
0048652,0086190,I
0672190,0086190,I
0171829,0086190,I
0141816,0086190,I
0493200,0086190,I
0741714,0086190,I
0549658,0086190,R
0001731,0086197,I
0001277,0086197,I
0000438,0086197,I
0000598,0086197,I
0911542,0086197,I
0001347,0086197,I
0822535,0086197,I
0001021,0086197,I
0715622,0086197,I
0667182,0086197,I
0290869,0086197,I
0000448,0086197,I
0595567,0086197,I
0375629,0086197,I
0221044,0086197,I
0934113,0086197,I
0000834,0086197,I
0188371,0086197,I
0442241,0086197,R
0000511,0086425,I
0000700,0086425,I
0000197,0086425,I
0000362,0086425,I
0001099,0086425,I
0001475,0086425,I
0140906,0086425,I
0454487,0086425,I
0289030,0086425,I
0003609,0086425,I
0785873,0086425,I
0606797,0086425,I
0947046,0086425,I
0071960,0086425,I
0430778,0086425,I
0153183,0086425,I
0917419,0086425,I
0579960,0086425,I
0000985,0086425,R
0000380,0086423,I
0002128,0086423,I
0000990,0086423,I
0000979,0086423,I
0000289,0086423,I
0399141,0086423,I
0902188,0086423,I
0322339,0086423,I
0185611,0086423,I
0071960,0086423,I
0391275,0086423,I
0615236,0086423,I
0298596,0086423,I
0281678,0086423,I
0007462,0086423,I
0081847,0086423,I
0083442,0086423,I
0085581,0086423,I
0000915,0086423,R
0000659,0086619,I
0001388,0086619,I
0001597,0086619,I
0675490,0086619,I
0384696,0086619,I
0179680,0086619,I
0330962,0086619,I
0209095,0086619,I
0817287,0086619,I
0544140,0086619,I
0056271,0086619,I
0528695,0086619,I
0879271,0086619,I
0546816,0086619,I
0377931,0086619,I
0055964,0086619,I
0780766,0086619,I
0048449,0086619,I
0000659,0086619,R
0195073,0085655,I
0172423,0085655,I
0000177,0085655,I
1659054,0085655,I
0635852,0085655,I
0049422,0085655,I
0195070,0085655,I
0195072,0085655,I
0251733,0085655,I
0270732,0085655,I
1716832,0085655,I
0312916,0085655,I
0729234,0085655,I
0922667,0085655,I
0001915,0085655,R
0000884,0085549,I
0636694,0085549,I
0803785,0085549,I
1230879,0085549,I
0373600,0085549,I
0898962,0085549,I
0438682,0085549,I
0000873,0085549,I
0199118,0085549,I
0116575,0085549,I
0580526,0085549,I
0282439,0085549,I
0110667,0085549,I
0722407,0085549,I
0564391,0085549,I
0681968,0085549,I
0755967,0085549,I
0779634,0085549,I
0001490,0085549,R
0000719,0086879,I
0001371,0086879,I
0000931,0086879,I
0234541,0086879,I
0001003,0086879,I
0002056,0086879,I
0000470,0086879,I
0443016,0086879,I
0573299,0086879,I
0048652,0086879,I
0058853,0086879,I
0117408,0086879,I
0147168,0086879,I
0177260,0086879,I
0218562,0086879,I
0226495,0086879,I
0291068,0086879,I
0385701,0086879,I
0001232,0086879,R
0001213,0088275,I
0587548,0088275,I
0472151,0088275,I
0367134,0088275,I
0025066,0088275,I
0254249,0088275,I
0220193,0088275,I
0947524,0088275,I
0470094,0088275,I
0311249,0088275,I
0109047,0088275,I
0113831,0088275,I
0141699,0088275,I
1366892,0088275,I
1050807,0088275,I
2819592,0088275,I
2747278,0088275,I
1367602,0088275,I
0258531,0088275,R
0001832,0087553,I
0628955,0087553,I
0000518,0087553,I
0001696,0087553,I
0005266,0087553,I
0336960,0087553,I
0665473,0087553,I
0297538,0087553,I
0448058,0087553,I
0156827,0087553,I
0682596,0087553,I
0156826,0087553,I
0083456,0087553,I
0803062,0087553,I
0238825,0087553,I
0923840,0087553,I
0377788,0087553,I
0538869,0087553,I
0423646,0087553,R
0000148,0087469,I
0001009,0087469,I
0702841,0087469,I
0700869,0087469,I
0786022,0087469,I
0832104,0087469,I
0152054,0087469,I
0948118,0087469,I
0949521,0087469,I
0160913,0087469,I
0628970,0087469,I
0848883,0087469,I
0000101,0087469,I
0593052,0087469,I
0945194,0087469,I
0620730,0087469,I
0476095,0087469,I
0211605,0087469,I
0000229,0087469,R
0000398,0087921,I
0001080,0087921,I
0000438,0087921,I
0001496,0087921,I
0000518,0087921,I
0000418,0087921,I
0369001,0087921,I
0416521,0087921,I
0809031,0087921,I
0642368,0087921,I
0719037,0087921,I
0048844,0087921,I
0666256,0087921,I
0399981,0087921,I
0924636,0087921,I
0371479,0087921,I
0359393,0087921,I
0104264,0087921,I
0000914,0087921,R
0001114,0087892,I
0051856,0087892,I
0001919,0087892,I
0289038,0087892,I
0000027,0087892,I
0369814,0087892,I
0934014,0087892,I
0671462,0087892,I
0191741,0087892,I
0539562,0087892,I
0006762,0087892,I
0842578,0087892,I
0278615,0087892,I
0786022,0087892,I
0396277,0087892,I
0438930,0087892,I
0471467,0087892,I
0125497,0087892,I
0000180,0087892,R
0681566,0087144,I
0033329,0087144,I
0880521,0087144,I
0001989,0087144,I
0699659,0087144,I
0000767,0087144,I
0646037,0087144,I
0756651,0087144,I
0042104,0087144,I
0584191,0087144,I
0042848,0087144,I
0895598,0087144,I
0926919,0087144,I
0099134,0087144,I
0753666,0087144,I
0335203,0087144,I
0800648,0087144,I
0850990,0087144,I
0218252,0087144,R
0002239,0087957,I
0467664,0087957,I
0206528,0087957,I
0439466,0087957,I
0929934,0087957,I
0072934,0087957,I
0816966,0087957,I
0428379,0087957,I
0403190,0087957,I
0225412,0087957,I
0071624,0087957,I
0839784,0087957,I
0314842,0087957,I
0881478,0087957,I
0498570,0087957,I
0330269,0087957,I
0414838,0087957,I
1591778,0087957,I
0536299,0087957,R
0000154,0088007,I
0000651,0088007,I
0047490,0088007,I
0528236,0088007,I
0001277,0088007,I
0393458,0088007,I
0124100,0088007,I
0866055,0088007,I
0234966,0088007,I
0821436,0088007,I
0805990,0088007,I
0274492,0088007,I
0867540,0088007,I
0867530,0088007,I
0852374,0088007,I
0337921,0088007,I
0183237,0088007,I
0725740,0088007,I
0041932,0088007,R
0000698,0088414,I
0001456,0088414,I
0001301,0088414,I
0004767,0088414,I
0412382,0088414,I
0399675,0088414,I
0705717,0088414,I
0373600,0088414,I
0957905,0088414,I
0065084,0088414,I
0826467,0088414,I
0407237,0088414,I
0830390,0088414,I
0920164,0088414,I
0797876,0088414,I
0662505,0088414,I
0361719,0088414,I
0341263,0088414,I
0000698,0088414,R
0000150,0088763,I
0000502,0088763,I
0000670,0088763,I
0000417,0088763,I
0001855,0088763,I
0920148,0088763,I
0566013,0088763,I
0818274,0088763,I
0225191,0088763,I
0564589,0088763,I
0866055,0088763,I
0169454,0088763,I
0797150,0088763,I
0000708,0088763,I
0914023,0088763,I
0298412,0088763,I
0293483,0088763,I
0442022,0088763,I
0000709,0088763,R
0619938,0089881,I
0855417,0089881,I
0628704,0089881,I
0753480,0089881,I
7014801,0089881,I
0594523,0089881,I
0407030,0089881,I
0676201,0089881,I
0950784,0089881,I
0441366,0089881,I
0559472,0089881,I
0411763,0089881,I
0462637,0089881,I
0913872,0089881,I
1334850,0089881,I
0441399,0089881,I
0853392,0089881,I
0879957,0089881,I
0000041,0089881,R
0001903,0089276,I
0022765,0089276,I
0897693,0089276,I
0032955,0089276,I
0061298,0089276,I
0749719,0089276,I
0176536,0089276,I
0733289,0089276,I
0605791,0089276,I
0677753,0089276,I
0145486,0089276,I
1082986,0089276,I
0488615,0089276,I
0658648,0089276,I
0721106,0089276,I
0088840,0089276,I
0145827,0089276,I
1169851,0089276,I
0699933,0089276,R
0000148,0090329,I
0000534,0090329,I
0001305,0090329,I
0813977,0090329,I
0747962,0090329,I
0324231,0090329,I
0000418,0090329,I
0421116,0090329,I
0526985,0090329,I
0532815,0090329,I
0738189,0090329,I
0001557,0090329,I
0308596,0090329,I
0561876,0090329,I
0189726,0090329,I
0137114,0090329,I
0441988,0090329,I
0841607,0090329,I
0001837,0090329,R
0656183,0090203,I
0001334,0090203,I
0323344,0090203,I
0103071,0090203,I
0000360,0090203,I
0004668,0090203,I
0071960,0090203,I
0507255,0090203,I
0802985,0090203,I
0849628,0090203,I
0321874,0090203,I
0550325,0090203,I
0863219,0090203,I
0125840,0090203,I
0739717,0090203,I
0868133,0090203,I
0868129,0090203,I
0557728,0090203,I
0557751,0090203,R
0000458,0089424,I
0000471,0089424,I
0000968,0089424,I
0506784,0089424,I
0328604,0089424,I
0685140,0089424,I
0537345,0089424,I
0868640,0089424,I
0084349,0089424,I
0135629,0089424,I
0241602,0089424,I
0661323,0089424,I
0678020,0089424,I
0340716,0089424,I
0265825,0089424,I
0106585,0089424,I
0346961,0089424,I
0057789,0089424,I
0002199,0089424,R
0000333,0089560,I
0000655,0089560,I
0000385,0089560,I
0001268,0089560,I
0246004,0089560,I
0000368,0089560,I
0580526,0089560,I
0001013,0089560,I
0122036,0089560,I
0598413,0089560,I
0681319,0089560,I
0454973,0089560,I
0694490,0089560,I
0591702,0089560,I
0881161,0089560,I
0021112,0089560,I
0386332,0089560,I
0059169,0089560,I
0000953,0089560,R
0001749,0091867,I
0000307,0091867,I
0001186,0091867,I
0001696,0091867,I
0001003,0091867,I
0324009,0091867,I
0001132,0091867,I
0236902,0091867,I
0377131,0091867,I
0907510,0091867,I
0000358,0091867,I
0109984,0091867,I
0494863,0091867,I
0001291,0091867,I
0148149,0091867,I
0288148,0091867,I
0017733,0091867,I
0060862,0091867,I
0412465,0091867,R
0000658,0089755,I
0000602,0089755,I
0001970,0089755,I
0457655,0089755,I
0100942,0089755,I
0857730,0089755,I
0455945,0089755,I
0001284,0089755,I
0358180,0089755,I
0447499,0089755,I
0189561,0089755,I
0680587,0089755,I
0727300,0089755,I
0119444,0089755,I
0781217,0089755,I
0880800,0089755,I
0564857,0089755,I
0556801,0089755,I
0001628,0089755,R
0789600,0088740,I
0078949,0088740,I
0145292,0088740,I
0286645,0088740,I
0371527,0088740,I
0390507,0088740,I
0450810,0088740,I
0607976,0088740,I
0682422,0088740,I
0723608,0088740,I
0868123,0088740,I
0923333,0088740,I
0075731,0088740,I
0075731,0088740,R
0000747,0088933,I
0000979,0088933,I
0002025,0088933,I
0001133,0088933,I
0318527,0088933,I
0000430,0088933,I
0822972,0088933,I
0001788,0088933,I
0893862,0088933,I
0912113,0088933,I
0193520,0088933,I
0646768,0088933,I
0365709,0088933,I
0694361,0088933,I
0397212,0088933,I
0483907,0088933,I
0634549,0088933,I
0317786,0088933,I
0000165,0088933,R
0000197,0089841,I
0000678,0089841,I
0005162,0089841,I
0709907,0089841,I
0382676,0089841,I
0724673,0089841,I
0518323,0089841,I
0001378,0089841,I
3901910,0089841,I
0862937,0089841,I
0001634,0089841,I
0783071,0089841,I
0689269,0089841,I
0642143,0089841,I
0101604,0089841,I
0890654,0089841,I
0053104,0089841,I
0130763,0089841,I
0001379,0089841,R
0000640,0088857,I
0756763,0088857,I
0580565,0088857,I
0638835,0088857,I
2831930,0088857,I
0039461,0088857,I
0082056,0088857,I
2020436,0088857,I
0004934,0088857,I
0326400,0088857,I
0369661,0088857,I
0409336,0088857,I
0480632,0088857,I
2826870,0088857,I
0879819,0088857,I
0610927,0088857,R
0000864,0090319,I
0002138,0090319,I
0804592,0090319,I
0000545,0090319,I
0656183,0090319,I
0000618,0090319,I
0001278,0090319,I
0344793,0090319,I
0393853,0090319,I
0727300,0090319,I
0269171,0090319,I
0767674,0090319,I
0514282,0090319,I
0949297,0090319,I
0236919,0090319,I
0793601,0090319,I
0073137,0090319,I
0921302,0090319,I
0000431,0090319,R
0000244,0090605,I
0000299,0090605,I
0001343,0090605,I
0001663,0090605,I
0000448,0090605,I
0000200,0090605,I
0394054,0090605,I
0001280,0090605,I
0559922,0090605,I
0001679,0090605,I
0743768,0090605,I
0384876,0090605,I
0440511,0090605,I
0778992,0090605,I
0864150,0090605,I
0824365,0090605,I
0561792,0090605,I
0171438,0090605,I
0000116,0090605,R
0000221,0091763,I
0000297,0091763,I
0000353,0091763,I
0202966,0091763,I
0001845,0091763,I
0005331,0091763,I
0001143,0091763,I
0001525,0091763,I
0426047,0091763,I
0608601,0091763,I
0323108,0091763,I
0000136,0091763,I
0669868,0091763,I
0651431,0091763,I
0285579,0091763,I
0624623,0091763,I
0002057,0091763,I
0865302,0091763,I
0000231,0091763,R
0001201,0091167,I
0001848,0091167,I
0000323,0091167,I
0001347,0091167,I
0000402,0091167,I
0001577,0091167,I
0634313,0091167,I
0001884,0091167,I
0000095,0091167,I
0085400,0091167,I
0000506,0091167,I
0166061,0091167,I
0001413,0091167,I
0000687,0091167,I
0001806,0091167,I
0535865,0091167,I
0213772,0091167,I
0213773,0091167,I
0000095,0091167,R
0000156,0091064,I
0000133,0091064,I
0315288,0091064,I
0100205,0091064,I
0137967,0091064,I
0161546,0091064,I
0178680,0091064,I
0000343,0091064,I
0493706,0091064,I
0382087,0091064,I
3095262,0091064,I
8012617,0091064,I
0000343,0091064,R
0000134,0091530,I
0000460,0091530,I
0564044,0091530,I
0001644,0091530,I
0526724,0091530,I
0681975,0091530,I
0522797,0091530,I
0000553,0091530,I
0610350,0091530,I
0411356,0091530,I
0648906,0091530,I
0610345,0091530,I
0077381,0091530,I
0336921,0091530,I
0346270,0091530,I
0492580,0091530,I
0198456,0091530,I
0240645,0091530,I
0423646,0091530,R
0330143,0090557,I
0167388,0090557,I
0354593,0090557,I
0714186,0090557,I
0571188,0090557,I
0664243,0090557,I
0359372,0090557,I
0404201,0090557,I
0870389,0090557,I
0576928,0090557,I
0080839,0090557,I
0746371,0090557,I
0549201,0090557,I
0753666,0090557,I
0686911,0090557,I
0294043,0090557,I
0077587,0090557,I
0000217,0090557,I
0851724,0090557,R
0000458,0090830,I
0559144,0090830,I
0001453,0090830,I
0097842,0090830,I
0327160,0090830,I
0165852,0090830,I
0392003,0090830,I
0166843,0090830,I
0126081,0090830,I
0141622,0090830,I
0510794,0090830,I
0385217,0090830,I
0449684,0090830,I
0059904,0090830,I
0536168,0090830,I
0100581,0090830,I
0361189,0090830,I
0140572,0090830,I
0354279,0090830,R
0513190,0090576,I
0879726,0090576,I
0892857,0090576,I
0469096,0090576,I
0523826,0090576,I
0919862,0090576,I
0596521,0090576,I
0903567,0090576,I
0054441,0090576,I
0091302,0090576,I
0352027,0090576,I
0511611,0090576,I
0927947,0090576,I
0015448,0090576,I
0177579,0090576,I
0382368,0090576,I
0373487,0090576,I
0231670,0090576,I
0705444,0090576,R
0000056,0090863,I
0000129,0090863,I
0001512,0090863,I
0001726,0090863,I
0001806,0090863,I
0167850,0090863,I
0013067,0090863,I
0025692,0090863,I
0036269,0090863,I
0001968,0090863,I
0195101,0090863,I
0212939,0090863,I
0230297,0090863,I
0270337,0090863,I
0311867,0090863,I
0325512,0090863,I
0345465,0090863,I
0379200,0090863,I
0000217,0090863,R
0000129,0092099,I
0000209,0092099,I
0000534,0092099,I
0000174,0092099,I
0000381,0092099,I
0000643,0092099,I
0000461,0092099,I
0007082,0092099,I
0875613,0092099,I
0001685,0092099,I
0319739,0092099,I
0399531,0092099,I
0866055,0092099,I
0000212,0092099,I
0664499,0092099,I
0103713,0092099,I
0835146,0092099,I
0790571,0092099,I
0001716,0092099,R
0000126,0094226,I
0000125,0094226,I
0000134,0094226,I
0001747,0094226,I
0000412,0094226,I
0103071,0094226,I
0444955,0094226,I
0837976,0094226,I
0236711,0094226,I
0165101,0094226,I
0195101,0094226,I
0326333,0094226,I
0043892,0094226,I
0367496,0094226,I
0841568,0094226,I
0909710,0094226,I
0167081,0094226,I
0045983,0094226,I
0000361,0094226,R
0000804,0092603,I
0458064,0092603,I
0270147,0092603,I
0474649,0092603,I
0480951,0092603,I
0000761,0092603,I
0639152,0092603,I
0026089,0092603,I
0031318,0092603,I
0060442,0092603,I
0073023,0092603,I
0368646,0092603,I
0159915,0092603,I
0449490,0092603,I
0471604,0092603,I
0517869,0092603,I
0585704,0092603,I
0610228,0092603,I
0002196,0092603,R
0404817,0093713,I
0001884,0093713,I
0654994,0093713,I
0334689,0093713,I
0898166,0093713,I
0835586,0093713,I
0039578,0093713,I
0879539,0093713,I
0917462,0093713,I
0344894,0093713,I
0800770,0093713,I
0488722,0093713,I
0937045,0093713,I
0612928,0093713,I
0052051,0093713,I
0076772,0093713,I
0084835,0093713,I
0916778,0093713,I
0000806,0093713,R
0518821,0093389,I
0001040,0093389,I
0000564,0093389,I
0948078,0093389,I
0939378,0093389,I
0241748,0093389,I
0757098,0093389,I
0359177,0093389,I
0949521,0093389,I
0943180,0093389,I
0846480,0093389,I
0323533,0093389,I
0407419,0093389,I
0904484,0093389,I
0863118,0093389,I
0943174,0093389,I
0266637,0093389,I
0477348,0093389,I
0000934,0093389,R
0000693,0093870,I
0000262,0093870,I
0641397,0093870,I
0001074,0093870,I
0001748,0093870,I
0001208,0093870,I
0233306,0093870,I
0936403,0093870,I
0675066,0093870,I
0005204,0093870,I
0324795,0093870,I
0952685,0093870,I
0432517,0093870,I
0509408,0093870,I
0207616,0093870,I
0138210,0093870,I
0249962,0093870,I
0195702,0093870,I
0000682,0093870,R
0000221,0094291,I
0000140,0094291,I
0876645,0094291,I
0184429,0094291,I
0679406,0094291,I
0001525,0094291,I
0001358,0094291,I
0439170,0094291,I
0528125,0094291,I
0311620,0094291,I
0012376,0094291,I
0135306,0094291,I
0000640,0094291,I
0613508,0094291,I
0458702,0094291,I
0320931,0094291,I
0609215,0094291,I
0848244,0094291,I
0000231,0094291,R
0000333,0093565,I
0000115,0093565,I
0001156,0093565,I
0000732,0093565,I
0306696,0093565,I
0100566,0093565,I
0001498,0093565,I
0348927,0093565,I
0149923,0093565,I
0319036,0093565,I
0162361,0093565,I
0874119,0093565,I
0221631,0093565,I
0341055,0093565,I
0213059,0093565,I
0000862,0093565,I
0359834,0093565,I
0397235,0093565,I
0422484,0093565,R
0000664,0092890,I
0000426,0092890,I
0001583,0092890,I
0722407,0092890,I
0922967,0092890,I
0115663,0092890,I
0084105,0092890,I
0697014,0092890,I
0134674,0092890,I
0171286,0092890,I
0428925,0092890,I
0607451,0092890,I
0001431,0092890,I
0874119,0092890,I
0616629,0092890,I
0308449,0092890,I
0329340,0092890,I
0434560,0092890,I
0001915,0092890,R
0000598,0093260,I
0001737,0093260,I
0000212,0093260,I
0002994,0093260,I
0507187,0093260,I
0920460,0093260,I
0000585,0093260,I
0769446,0093260,I
0843221,0093260,I
0769974,0093260,I
0002099,0093260,I
0394494,0093260,I
0852848,0093260,I
0004730,0093260,I
0393661,0093260,I
0293466,0093260,I
0353869,0093260,I
0588241,0093260,I
0001102,0093260,R
0001475,0093148,I
0227039,0093148,I
0486661,0093148,I
0749017,0093148,I
0001310,0093148,I
0837064,0093148,I
0443577,0093148,I
0000747,0093148,I
0001826,0093148,I
0648919,0093148,I
2192610,0093148,I
0608366,0093148,I
0448592,0093148,I
0036412,0093148,I
0605024,0093148,I
0283570,0093148,I
0532869,0093148,I
0686893,0093148,I
0213100,0093148,R
0634159,0095765,I
0134073,0095765,I
0041066,0095765,I
0199774,0095765,I
0347842,0095765,I
0502813,0095765,I
0535991,0095765,I
0620919,0095765,I
0872689,0095765,I
0143150,0095765,I
0162326,0095765,I
0224214,0095765,I
0501665,0095765,I
0856196,0095765,I
0674742,0095765,I
0481115,0095765,I
0321291,0095765,I
0321274,0095765,I
0868153,0095765,R
0000163,0095953,I
0000129,0095953,I
0000420,0095953,I
0596520,0095953,I
0613789,0095953,I
0731426,0095953,I
0786860,0095953,I
0421087,0095953,I
0001372,0095953,I
0732152,0095953,I
0335275,0095953,I
0234836,0095953,I
0234865,0095953,I
0234871,0095953,I
0234857,0095953,I
0234874,0095953,I
0234816,0095953,I
0427143,0095953,I
0001469,0095953,R
0000432,0095647,I
0000353,0095647,I
0000531,0095647,I
0000374,0095647,I
0000388,0095647,I
0765605,0095647,I
0864997,0095647,I
0740264,0095647,I
0898546,0095647,I
0229200,0095647,I
0242656,0095647,I
0265670,0095647,I
0556977,0095647,I
0622535,0095647,I
0956053,0095647,I
0924617,0095647,I
0339443,0095647,I
0320566,0095647,I
0000570,0095647,R
0001364,0096438,I
0000502,0096438,I
0001026,0096438,I
0281486,0096438,I
0443401,0096438,I
0863519,0096438,I
0503236,0096438,I
0386516,0096438,I
0105280,0096438,I
0005428,0096438,I
0819752,0096438,I
0725956,0096438,I
0185847,0096438,I
0390523,0096438,I
0249507,0096438,I
0213148,0096438,I
0135626,0096438,I
0391278,0096438,I
0000709,0096438,R
0053597,0095341,I
0487351,0095341,I
0649096,0095341,I
2639536,0095341,I
1035688,0095341,I
2639207,0095341,I
2640321,0095341,I
1280558,0095341,I
2640001,0095341,I
2637760,0095341,I
2635272,0095341,I
2632493,0095341,I
2637965,0095341,I
0041373,0095341,I
0041374,0095341,I
0481411,0095341,I
2634944,0095341,I
7786571,0095341,I
0649096,0095341,R
0000285,0094721,I
0000133,0094721,I
0000474,0094721,I
0568499,0094721,I
0656276,0094721,I
0822230,0094721,I
0594113,0094721,I
0001573,0094721,I
0766822,0094721,I
0262216,0094721,I
0000470,0094721,I
0000213,0094721,I
0787187,0094721,I
0131773,0094721,I
0198425,0094721,I
0877519,0094721,I
0277300,0094721,I
0100679,0094721,I
0000318,0094721,R
0000092,0095159,I
0000130,0095159,I
0000177,0095159,I
0001589,0095159,I
0014883,0095159,I
0313702,0095159,I
0371175,0095159,I
0658244,0095159,I
0165927,0095159,I
0255895,0095159,I
0680670,0095159,I
0429514,0095159,I
0132631,0095159,I
0039185,0095159,I
0401771,0095159,I
0108926,0095159,I
0715932,0095159,I
0672888,0095159,I
0187769,0095159,R
0000092,0095159,R
0000335,0094947,I
0000518,0094947,I
0000201,0094947,I
0001436,0094947,I
0000206,0094947,I
0622450,0094947,I
0000235,0094947,I
0134922,0094947,I
0792189,0094947,I
0324636,0094947,I
0072556,0094947,I
0667744,0094947,I
0370444,0094947,I
0229472,0094947,I
0482349,0094947,I
0598800,0094947,I
0428198,0094947,I
0259027,0094947,I
0001241,0094947,R
0000534,0094608,I
0000149,0094608,I
0183464,0094608,I
0744235,0094608,I
0372475,0094608,I
0034492,0094608,I
0031078,0094608,I
0639856,0094608,I
0887592,0094608,I
0612329,0094608,I
0101427,0094608,I
0667182,0094608,I
0464940,0094608,I
0589358,0094608,I
0372784,0094608,I
0442515,0094608,I
0564245,0094608,I
0915952,0094608,I
0438279,0094608,R
0001845,0094747,I
0893204,0094747,I
0954677,0094747,I
0942787,0094747,I
0202966,0094747,I
0570263,0094747,I
0359695,0094747,I
0924254,0094747,I
0619382,0094747,I
0811405,0094747,I
0730168,0094747,I
0934829,0094747,I
0942416,0094747,I
0650661,0094747,I
0167850,0094747,I
0131985,0094747,I
0098003,0094747,I
0115484,0094747,I
0000142,0094747,R
0000429,0096463,I
0000148,0096463,I
0000244,0096463,I
0000285,0096463,I
0000349,0096463,I
0097842,0096463,I
0004887,0096463,I
0001624,0096463,I
0482466,0096463,I
0000228,0096463,I
0247691,0096463,I
0001156,0096463,I
0032628,0096463,I
0635139,0096463,I
0924378,0096463,I
0906000,0096463,I
0227155,0096463,I
0000141,0096463,I
0001566,0096463,R
0001952,0095638,I
0103071,0095638,I
0000968,0095638,I
0138388,0095638,I
0304000,0095638,I
0000429,0095638,I
0001334,0095638,I
0728159,0095638,I
0827663,0095638,I
0893181,0095638,I
0000686,0095638,I
0271733,0095638,I
0312629,0095638,I
0362222,0095638,I
0430692,0095638,I
0037145,0095638,I
0140351,0095638,I
0605494,0095638,I
0000602,0095638,R
0000458,0094606,I
0000678,0094606,I
0000133,0094606,I
0942195,0094606,I
0001773,0094606,I
0000893,0094606,I
0000597,0094606,I
0331117,0094606,I
0609447,0094606,I
0335079,0094606,I
0396324,0094606,I
0396328,0094606,I
0625559,0094606,I
0332798,0094606,I
0113124,0094606,I
0623602,0094606,I
0176592,0094606,I
0449870,0094606,I
0001410,0094606,R
0000148,0097576,I
0000125,0097576,I
0233145,0097576,I
0001186,0097576,I
0722636,0097576,I
0002103,0097576,I
0000203,0097576,I
0126250,0097576,I
0539616,0097576,I
0248848,0097576,I
0949985,0097576,I
0768488,0097576,I
0405033,0097576,I
0561792,0097576,I
0086262,0097576,I
0229943,0097576,I
0362657,0097576,I
0339562,0097576,I
0000229,0097576,R
0000245,0097165,I
0000494,0097165,I
0000160,0097165,I
0001038,0097165,I
0360796,0097165,I
0476378,0097165,I
0749456,0097165,I
0914209,0097165,I
0516093,0097165,I
0001748,0097165,I
0069724,0097165,I
0694676,0097165,I
0552327,0097165,I
0041767,0097165,I
0136999,0097165,I
0004668,0097165,I
0601328,0097165,I
0001223,0097165,I
0001837,0097165,R
0506870,0097099,I
0541723,0097099,I
0541746,0097099,I
0675381,0097099,I
0751752,0097099,I
0868894,0097099,I
1193042,0097099,I
1197111,0097099,I
1197113,0097099,I
0102282,0097099,I
0104904,0097099,I
0111232,0097099,I
1197156,0097099,I
1197157,0097099,I
1194160,0097099,I
1194212,0097099,I
1194408,0097099,I
0266566,0097099,I
0258531,0097099,R
0295243,0097099,R
0000111,0097441,I
0000243,0097441,I
0000144,0097441,I
0000151,0097441,I
0448097,0097441,I
0105672,0097441,I
0278125,0097441,I
6230258,0097441,I
0191631,0097441,I
0635978,0097441,I
0348409,0097441,I
0002037,0097441,I
0059966,0097441,I
0498165,0097441,I
0761587,0097441,I
0726223,0097441,I
0420822,0097441,I
0346378,0097441,I
0001880,0097441,R
0000358,0097937,I
0002084,0097937,I
0924009,0097937,I
0792202,0097937,I
0188520,0097937,I
0533942,0097937,I
0174870,0097937,I
0159258,0097937,I
0237699,0097937,I
0564502,0097937,I
0789716,0097937,I
0564044,0097937,I
0480783,0097937,I
0694392,0097937,I
0640560,0097937,I
0570438,0097937,I
0789121,0097937,I
0171428,0097937,I
0006487,0097937,R
0072533,0097757,I
0942787,0097757,I
0041281,0097757,I
0055549,0097757,I
0140946,0097757,I
0250252,0097757,I
0004983,0097757,I
0547465,0097757,I
0550318,0097757,I
0566052,0097757,I
0752900,0097757,I
0942220,0097757,I
0131985,0097757,I
0336408,0097757,I
0917972,0097757,I
0318027,0097757,I
0012121,0097757,I
0029460,0097757,I
0166256,0097757,R
0615780,0097757,R
0000438,0096754,I
0001512,0096754,I
0000299,0096754,I
0122238,0096754,I
0333804,0096754,I
0066023,0096754,I
0703862,0096754,I
0779451,0096754,I
0108107,0096754,I
0459188,0096754,I
0614162,0096754,I
0625126,0096754,I
0006441,0096754,I
0917323,0096754,I
0132517,0096754,I
0420898,0096754,I
0254402,0096754,I
0711865,0096754,I
0000116,0096754,R
0000474,0096895,I
0000197,0096895,I
0000107,0096895,I
0943237,0096895,I
0385757,0096895,I
0001850,0096895,I
0001284,0096895,I
0001588,0096895,I
0355717,0096895,I
0910145,0096895,I
0908751,0096895,I
0393853,0096895,I
0833380,0096895,I
0153704,0096895,I
0567881,0096895,I
0178059,0096895,I
0687658,0096895,I
0848883,0096895,I
0000318,0096895,R
0000110,0097499,I
0001394,0097499,I
0791871,0097499,I
0488289,0097499,I
0000306,0097499,I
0799784,0097499,I
0339919,0097499,I
0443016,0097499,I
0566680,0097499,I
0142164,0097499,I
0800011,0097499,I
0898377,0097499,I
0223266,0097499,I
0000453,0097499,I
0916073,0097499,I
0950788,0097499,I
0785938,0097499,I
0695970,0097499,I
0000110,0097499,R
0000151,0097239,I
0001788,0097239,I
0000101,0097239,I
0526985,0097239,I
0738354,0097239,I
0369908,0097239,I
0355253,0097239,I
0837393,0097239,I
0311951,0097239,I
0601664,0097239,I
0435698,0097239,I
0324945,0097239,I
0288935,0097239,I
0360272,0097239,I
0571964,0097239,I
0430776,0097239,I
0746093,0097239,I
0268684,0097239,I
0000915,0097239,R
0000129,0096969,I
0488267,0096969,I
0000855,0096969,I
0442512,0096969,I
0262923,0096969,I
0021050,0096969,I
0848082,0096969,I
0832165,0096969,I
0090321,0096969,I
0001883,0096969,I
0488322,0096969,I
0312566,0096969,I
0204154,0096969,I
0607637,0096969,I
0315288,0096969,I
0913175,0096969,I
0001263,0096969,I
0173989,0096969,I
0000231,0096969,R
